,Year,Team,P,PA,N_of_ball,P/PA,LookingStrike,SwingStrike,FoulStrike,hit/strike,S,B,BatSwing_percent,FirstballBatswing Percent,contact_percent,After_2S_cut,After_2S_See,SwingOut,LookingOut,LSO%,BattingChance,Swing_in_chance,W%,PA,AB,R,H,2H,3H,HR,TB,RBI,SB,CS,BB,HBP,IBB,SO,GDP,SAC,SF,AVG,OBP,SLG,OPS,wOBA,wRC+,WAR,WPA,HR%,BB%,K%,BB/K,IsoP,IsoD,BIPA,Spd,PSN,wOBA,wRC,wrc/27,wRAA,wOBA,wRC,wRC/27,wRAA,wRC+,RAA_hit,RAA_run,RAA_running,RAA_total1,RAA_save,RAA_Positioon,RAA_total2,RAA-Adj,RAA,RP_Run,RAR,RPW,WAA,WAR Bat,WAR  OFF,WAR,WAR,PA,%,Chance_hit_per,RBI,RBI-HR,Num_Runner,%,RE24_Hit,RE24_Run,RE24,REW,WPA_HIT,WPA_RUN,Plus,Minus,WPA,PLI,WPA/LI,Clutch,ph,PoilOut,PoilMissing,PoilOut%,salary
최승준,2016,SK,1B,231,968,4.19,20.1,26.4,30.8,22.7,61.1,39,48.8,41.6,67,64.3,38.3,51,15,22.7,370,25,6.8,231,199,31,53,5,0,19,115,42,0,0,28,3,1,66,5,0,1,0.266,0.364,0.578,0.942,0.401,124.5,0.8,0.52,8.23,12.1,28.6,0.42,0.312,0.097,0.296,1.1,0,0.401,41.2,7.32,8.8,0.397,40.3,7.16,7.9,124.5,7.7,0.2,-4.3,3.6,-2,-5.5,-7.5,1.7,-3.8,13.2,9.3,11.31,-0.3,1.65,1.28,0.8,0.62,73,31.6,0.188,42,23,146,15.8,3.12,0,3.12,0.27,0.52,0,5.29,-4.77,0.52,1.07,1.26,-0.78,23,0,1,0,6200
김민식,2016,SK,C,170,700,4.12,31,14.9,27.9,26.2,59.4,40.6,41,32.4,78.4,69.4,43.5,23,15,39.5,223,13,5.8,170,144,17,37,9,0,2,52,14,1,1,21,2,0,38,2,3,0,0.257,0.359,0.361,0.72,0.335,85.2,0.64,-0.05,1.18,12.4,22.4,0.55,0.104,0.102,0.337,2.7,1.33,0.335,20.1,4.8,-3.7,0.337,20.3,4.85,-3.5,85.2,-3.6,-0.1,-0.4,-4.1,1,3.4,4.4,-3.2,0.2,9.7,9.9,11.22,0,0.38,0.34,0.64,0.73,44,25.9,0.308,14,12,100,12,-4.89,-0.79,-5.68,-0.5,0.14,-0.19,2.79,-2.84,-0.05,1.07,0.02,-0.06,14,0,0,0,6000
최정,2016,SK,3B,606,2446,4.04,20.9,20,32.8,26.3,59,41,46.7,38,74.7,71,39.1,105,21,16.7,807,86,10.7,606,500,106,144,24,1,40,290,106,1,2,77,23,2,126,6,0,6,0.288,0.403,0.58,0.983,0.425,140.7,5.82,3.24,6.6,12.7,20.8,0.61,0.292,0.115,0.306,3.1,1.95,0.425,120.9,8.82,36,0.422,119.5,8.72,34.6,140.7,34.1,-0.1,1.6,35.6,-3.7,2.2,-1.5,31.9,34,34.6,68.6,11.46,3,5.5,5.63,5.82,5.5,158,26.1,0.278,106,66,298,22.2,47.78,0.1,47.88,4.2,3.26,-0.02,12.2,-8.96,3.24,0.98,4.5,-1.18,1,0,0,0.81,120000
박재상,2016,SK,LF,288,1132,3.93,28.2,11.7,26.9,33.2,59.5,40.5,42.8,22.6,83.7,78,36.3,24,13,35.1,424,33,7.8,288,255,37,76,14,1,6,110,35,3,6,27,0,0,37,9,4,2,0.298,0.363,0.431,0.794,0.357,98.9,0.49,0.31,2.08,9.4,12.9,0.73,0.133,0.065,0.327,3.1,4,0.357,39.8,5.37,-0.6,0.358,39.9,5.39,-0.4,98.9,-0.6,-2.1,-2.1,-4.8,-4.6,-3.1,-7.7,-9.4,-12.5,16.4,3.9,11.26,-1.1,1.14,0.77,0.49,0.09,68,23.6,0.339,35,29,160,18.1,1.71,-2.61,-0.9,-0.08,0.65,-0.34,5.28,-4.97,0.31,1.03,-0.06,0.37,7,0,0,0,25000
나주환,2016,SK,1B,65,249,3.83,21.4,16.4,28.3,34,63.9,36.1,50.2,32.3,79.2,88,41.2,5,1,16.7,40,4,10,65,57,13,22,2,0,5,39,12,0,4,2,3,0,6,4,3,0,0.386,0.436,0.684,1.12,0.462,164.4,0.57,0.28,7.69,3.1,9.2,0.33,0.298,0.05,0.37,2.4,0,0.462,15.2,8.9,6.1,0.458,15,8.79,5.9,164.4,5.8,-1.9,0.1,4,-2.9,-0.5,-3.4,1.1,0.6,3.7,4.3,11.47,0,0.78,0.62,0.57,0.32,13,20,0.417,12,7,33,21.2,6.81,-1.82,5,0.44,0.41,-0.14,1.2,-0.92,0.28,0.79,0.58,-0.23,6,0,0,0,15000
이재원,2016,SK,C,472,1727,3.66,23.2,14.5,30.8,31.5,63.3,36.7,48.6,41.1,81.2,75.4,39.6,51,25,32.9,434,37,8.5,472,411,49,119,15,0,15,179,64,1,5,43,9,3,76,15,2,7,0.29,0.364,0.436,0.799,0.359,99.4,1.93,0.51,3.18,9.1,16.1,0.57,0.146,0.074,0.318,1.6,1.88,0.359,66,5.55,-0.1,0.359,65.8,5.53,-0.4,99.4,-0.7,-1.8,-5.3,-7.8,-0.1,7.4,7.2,-8,-0.6,26.9,26.3,11.22,-0.1,1.9,1.27,1.93,1.91,141,29.9,0.25,64,49,271,18.1,6.12,-1.28,4.84,0.42,0.61,-0.11,8.72,-8.21,0.51,1.05,0.25,0.24,8,0,0,0,35000
고메즈,2016,SK,SS,492,1769,3.6,20.6,18.7,28.4,32.4,65.5,34.5,52,33.9,76.5,73.4,28.6,72,15,17.2,621,51,8.2,492,456,74,129,31,0,21,223,62,16,8,25,5,2,87,11,2,4,0.283,0.325,0.489,0.814,0.353,95.5,2.19,-0.08,4.27,5.1,17.7,0.29,0.206,0.042,0.307,4.3,18.16,0.353,66.2,5.07,-2.8,0.352,65.8,5.05,-3.1,95.5,-3.5,-0.4,0.5,-3.4,1.1,5,6,-2.3,2.7,28.1,30.7,11.23,0.2,1.74,1.75,2.19,2.29,118,24,0.297,62,41,264,15.5,-2.15,2.37,0.22,0.02,-0.36,0.28,8.83,-8.91,-0.08,0.98,1.41,-1.49,5,0,0,5.71,65000
김동엽,2016,SK,DH,150,505,3.37,17.2,27.7,26.6,28.5,71.5,28.5,59.2,52,66.6,59.4,35.7,34,7,17.1,48,6,12.5,150,143,19,48,8,0,6,74,23,2,1,5,1,0,41,3,0,1,0.336,0.36,0.517,0.878,0.388,118.6,0.56,0.24,4,3.3,27.3,0.12,0.182,0.024,0.433,2.8,3,0.388,24.9,6.73,3.9,0.388,24.9,6.73,3.9,118.6,3.8,0,-1,2.8,-1.1,-3.6,-4.7,1.7,-1.9,8.6,6.7,11.31,-0.2,0.96,0.88,0.56,0.46,36,24,0.29,23,17,86,19.8,6.53,-0.62,5.91,0.52,0.25,0,3,-2.76,0.24,0.96,0.77,-0.52,21,1,1,0,4700
박정권,2016,SK,1B,468,1782,3.81,24.2,19.2,27.2,29.4,62.9,37.2,47.6,35.9,74.7,69.6,36.8,73,26,26.3,390,43,11,468,422,59,117,17,3,18,194,59,4,0,35,5,0,99,7,2,4,0.277,0.337,0.46,0.797,0.353,95.5,0.84,1.68,3.85,7.5,21.2,0.35,0.183,0.06,0.32,4.8,6.55,0.353,62.7,5.33,-2.8,0.353,62.6,5.32,-3,95.5,-3.3,1.2,-1.4,-3.4,10.9,-9,1.9,7.5,-1.6,26.7,25.1,11.18,-0.1,1.66,1.64,0.84,1.81,122,26.1,0.243,59,41,262,15.7,2.46,2.93,5.38,0.47,1.35,0.33,9.99,-8.31,1.68,1.06,1.84,-0.25,7,0,0,0,40000
최정민,2016,SK,2B,177,643,3.63,19.2,20.1,34.4,26.3,67.3,32.7,54.4,47.5,75.1,63,31.1,34,14,29.2,107,18,16.8,177,155,29,51,4,1,0,57,11,8,4,8,7,0,48,1,6,1,0.329,0.386,0.368,0.754,0.347,94.3,0.63,0.16,0,4.5,27.1,0.17,0.039,0.057,0.472,6.3,0,0.347,22.9,5.32,-2,0.351,23.4,5.44,-1.4,94.3,-1.5,-0.2,1.1,-0.6,-2.2,-0.6,-2.8,-2.8,-3.4,10.1,6.7,11.28,-0.3,0.6,0.68,0.63,0.43,49,27.7,0.293,11,11,102,10.8,3.79,0.7,4.49,0.39,-0.22,0.39,3.1,-2.93,0.16,1,0.69,-0.53,19,0,0,3.23,5500
김재현,2016,넥센,C,82,341,4.16,30.9,14.7,25,29.4,59.8,40.2,41.4,29.3,78.7,75.8,33.3,11,3,21.4,138,14,10.1,82,72,8,13,2,0,0,15,8,0,0,7,1,0,14,1,2,0,0.181,0.263,0.208,0.471,0.231,14.9,-0.31,-0.13,0,8.5,17.1,0.5,0.028,0.082,0.224,2.8,0,0.231,1.9,0.82,-9.6,0.229,1.7,0.75,-9.8,14.9,-9.8,0.1,0.4,-9.4,-0.7,2.1,1.5,-10,-7.9,4.7,-3.2,11.15,-0.7,-0.54,-0.5,-0.31,-0.37,20,24.4,0.313,8,8,50,16,-3.45,0,-3.45,-0.3,-0.13,0,0.77,-0.9,-0.13,0.67,-0.5,0.3,4,0,0,0,5300
정의윤,2016,SK,RF,616,2143,3.48,20.7,14.3,29.8,35.2,67,33,53.1,39.5,82,80.8,31,64,12,15.8,503,35,7,616,576,68,179,32,1,27,294,100,2,3,25,10,3,76,15,0,5,0.311,0.347,0.51,0.858,0.375,109.8,2,3.19,4.38,4.1,12.3,0.33,0.2,0.037,0.318,2.3,3.72,0.375,95.2,6.12,8.9,0.374,94.8,6.09,8.5,109.8,8,-0.5,-2.5,5,-2.4,-11.4,-13.8,2.6,-8.8,35.1,26.4,11.3,-0.8,3.28,3.01,2,1.79,174,28.3,0.299,100,73,390,18.7,17.98,1.72,19.71,1.73,3.04,0.16,13.18,-9.98,3.19,1.01,3,0.16,1,0,0,0,30000
김성현,2016,SK,2B,530,1745,3.29,25.2,8.2,26.1,40.5,64.2,35.8,48,33.6,89,86.6,33.5,23,14,37.8,473,37,7.8,530,479,66,153,28,0,8,205,65,3,3,33,6,0,37,13,5,7,0.319,0.366,0.428,0.794,0.36,100.8,2.29,1.49,1.51,6.2,7,0.89,0.109,0.046,0.329,2.8,4.36,0.36,74.3,5.67,0.1,0.361,74.8,5.71,0.6,100.8,0.2,-0.3,-1.3,-1.4,4,2.3,6.3,2.5,4.8,30.2,35.1,11.23,0.4,2.22,2.08,2.29,2.64,147,27.7,0.322,65,57,297,19.2,4.65,0.72,5.37,0.47,1.44,0.05,9.93,-8.44,1.49,1,0.68,0.82,5,0,0,0,28000
김원섭,2016,KIA,RF,90,374,4.16,43.9,10.3,18.2,27.6,57.2,42.8,32.1,5.6,81.7,74.2,32.6,11,5,31.3,162,8,4.9,90,73,10,16,5,0,0,21,12,1,0,15,0,0,16,2,1,1,0.219,0.348,0.288,0.636,0.311,67.8,0.08,0.38,0,16.7,17.8,0.94,0.069,0.129,0.276,2.8,0,0.311,8.6,3.81,-4,0.31,8.6,3.79,-4.1,67.8,-4.1,0.3,1.2,-2.6,-0.9,-0.7,-1.5,-3.5,-4.1,5.1,1,11.23,-0.4,0.01,0.14,0.08,0.01,29,32.2,0.3,12,12,56,21.4,1.63,0.42,2.05,0.18,0.31,0.07,1.96,-1.58,0.38,1.21,0.06,0.25,17,0,0,4.76,9000
노수광,2016,KIA,RF,238,939,3.95,27.8,13.1,30.3,28.8,63.3,36.7,45.7,31.1,81.8,76.7,27.6,34,12,26.1,269,16,6,238,207,43,64,4,2,4,84,30,12,2,20,1,0,46,0,10,0,0.309,0.373,0.406,0.779,0.347,90.9,0.91,0.01,1.68,8.4,19.3,0.44,0.097,0.064,0.382,7.7,6,0.347,30.6,5.33,-2.8,0.345,30.3,5.28,-3,90.9,-3.2,1.7,2.1,0.6,5,-1.5,3.5,5.6,4.1,13.6,17.7,11.22,0.4,0.71,1.04,0.91,1.36,60,25.2,0.413,30,26,114,22.8,6.06,1.24,7.3,0.64,0.06,-0.04,3.53,-3.52,0.01,0.9,0.39,-0.37,2,2,1,0,6800
신종길,2016,KIA,RF,240,918,3.83,25.3,13.4,33.2,28.1,64.1,36,47.8,31.7,82,71.3,40.8,27,22,44.9,191,20,10.5,240,213,34,66,8,3,1,83,12,7,4,20,6,0,49,1,1,0,0.31,0.385,0.39,0.775,0.364,102,0.76,0.25,0.42,8.3,20.4,0.41,0.08,0.075,0.399,6.5,1.75,0.364,34.6,6.11,1,0.362,34.3,6.05,0.7,102,0.5,-0.3,-0.4,-0.2,-2,-2.5,-4.5,-2.2,-4.7,13.7,9,11.28,-0.4,1.04,0.98,0.76,0.58,48,20,0.25,12,11,97,11.3,0.8,-0.36,0.44,0.04,0.12,0.13,3.87,-3.63,0.25,0.93,0.41,-0.14,22,0,0,0,9800
김주형,2016,KIA,SS,387,1453,3.76,26.4,12.9,28,32.7,61.4,38.6,45.2,28.2,82.5,77.5,35.5,38,17,30.9,465,45,9.7,387,345,43,97,16,1,19,172,49,1,2,34,6,0,55,9,1,1,0.281,0.355,0.499,0.854,0.376,110.4,2.17,0.05,4.91,8.8,14.2,0.62,0.217,0.074,0.287,2.3,1.9,0.376,60.2,6.23,5.9,0.375,59.8,6.19,5.6,110.4,5.3,-0.4,2.3,7.2,-6.1,-0.9,-7,1.1,0.2,22.1,22.2,11.33,0,2.08,2.25,2.17,1.63,104,26.9,0.244,49,30,200,15,5.89,-2.33,3.57,0.31,0.3,-0.24,6.62,-6.57,0.05,0.95,1.05,-1,35,0,0,7.46,11000
나지완,2016,KIA,DH,486,2031,4.18,29.6,17.6,27.1,25.7,56.4,43.6,39.7,22.8,74.9,71.4,43.4,66,24,26.7,675,61,9,486,380,84,117,21,2,25,217,90,6,3,85,17,1,90,8,0,4,0.308,0.451,0.571,1.022,0.45,158,3.94,3.83,5.14,17.5,18.5,0.94,0.263,0.143,0.342,4.1,9.68,0.45,108.3,10.52,40.2,0.449,107.6,10.45,39.5,158,39.2,0.3,-2.2,37.3,-2.8,-15.3,-18.1,34.5,19.2,27.7,46.9,11.51,1.7,5.43,5.27,3.94,3.69,161,33.1,0.304,90,65,267,24.3,52.59,1.88,54.47,4.77,3.65,0.17,10.5,-6.67,3.83,0.95,5.01,-1,9,0,1,0,60000
서동욱,2016,KIA,2B,485,1981,4.09,23.7,18.7,31.5,26.1,60.4,39.6,46.1,37.1,75.5,69.8,42,79,29,26.9,384,41,10.7,485,411,73,120,30,3,16,204,67,9,4,60,5,1,108,8,6,3,0.292,0.386,0.496,0.883,0.389,118.1,3.13,3.07,3.3,12.4,22.3,0.56,0.204,0.094,0.359,5.1,11.52,0.389,81,7.01,13,0.387,80.2,6.94,12.3,118.1,11.9,0.3,0,12.2,-5.4,0.4,-5,6.9,7.3,27.7,34.9,11.36,0.6,3.07,3.1,3.13,2.66,117,24.1,0.308,67,51,262,19.5,23.44,1.46,24.9,2.18,3.01,0.07,9.96,-6.89,3.07,0.94,2.82,0.45,6,0,2,5.21,15000
이진영,2016,kt,DH,424,1521,3.59,29,8.8,25.4,36.9,59.2,40.8,42.1,22.9,87.7,80,37.7,33,11,25,616,49,8,424,371,49,123,23,1,10,178,72,2,5,45,3,1,44,13,0,5,0.332,0.403,0.48,0.883,0.4,125.2,1.66,1.63,2.36,10.6,10.4,1.02,0.148,0.072,0.351,2.3,3.33,0.4,74.9,7.47,15.5,0.398,74.4,7.41,15,125.2,14.7,-1.6,-2.1,10.9,-1.3,-12.1,-13.4,9.7,-2.4,24.2,21.7,11.34,-0.2,3.06,2.73,1.66,1.55,141,33.3,0.333,72,62,274,22.6,19.13,-0.86,18.28,1.6,1.62,0.02,9.29,-7.66,1.63,1.11,1.83,-0.36,21,0,0,0,40000
윤정우,2016,KIA,RF,82,319,3.89,23.5,13.8,37.3,25.4,68,32,52,37.8,81.9,78.6,30.7,11,4,26.7,43,3,7,82,67,20,20,5,0,2,31,13,6,1,5,7,0,15,2,2,1,0.299,0.4,0.463,0.863,0.385,115.4,0.46,0.05,2.44,6.1,18.3,0.33,0.164,0.101,0.353,5,3,0.385,13.4,6.84,1.9,0.383,13.3,6.76,1.8,115.4,1.7,0.8,-0.2,2.3,-0.6,-1,-1.6,1.7,0.8,4.7,5.4,11.31,0.1,0.49,0.55,0.46,0.41,22,26.8,0.357,13,11,36,30.6,9.62,-1.12,8.5,0.74,-0.05,0.09,1.18,-1.14,0.05,0.82,0.43,-0.38,9,2,0,0,4000
이범호,2016,KIA,3B,560,2128,3.8,24.1,13,28.8,34.1,59.8,40.2,45.4,26.6,82.9,83.6,36.3,45,12,21.1,663,51,7.7,560,484,93,150,23,0,33,272,108,1,1,60,9,7,57,15,0,7,0.31,0.391,0.562,0.953,0.411,132.9,4.36,3.95,5.89,10.7,10.2,1.05,0.252,0.081,0.292,2.3,1.94,0.411,104.7,7.92,26.3,0.41,104.3,7.89,25.8,132.9,25.4,0.3,-4,21.7,3,1.4,4.4,24.7,26.1,31.9,58,11.36,2.3,4.57,4.24,4.36,4.63,173,30.9,0.314,108,75,342,21.9,27.15,1.77,28.92,2.53,3.85,0.1,13.08,-9.13,3.95,1.07,3.29,0.41,5,0,2,0,65000
김주찬,2016,KIA,LF,555,1974,3.56,23.6,14.2,27.4,34.9,65.4,34.6,50,25.2,81.5,81.6,31,67,1,1.5,559,42,7.5,555,511,97,177,37,3,23,289,101,9,7,30,7,1,68,13,1,6,0.346,0.386,0.566,0.952,0.415,135.8,4.12,3.62,4.14,5.4,12.3,0.44,0.219,0.04,0.362,4.5,12.94,0.415,106.1,7.94,28.3,0.414,105.6,7.9,27.9,135.8,27.4,-1.1,2.2,28.5,1.7,-7.9,-6.1,30.2,22.3,31.7,54,11.41,2,4.72,4.81,4.12,4.27,148,26.7,0.421,101,78,313,24.9,32.6,1.94,34.54,3.03,3.41,0.21,12.83,-9.21,3.62,1.06,2.92,0.51,2,0,0,4.72,60000
최재원,2016,삼성,3B,105,426,4.06,30.7,17.5,25.3,26.5,60.3,39.7,41.8,25.7,74.7,76.1,36,12,5,29.4,112,5,4.5,105,81,20,27,3,0,4,42,16,3,1,17,3,0,17,2,2,2,0.333,0.456,0.519,0.975,0.432,146.5,1.15,0.96,3.81,16.2,16.2,1,0.185,0.123,0.371,3.6,3.43,0.432,21.6,9.57,6.9,0.431,21.6,9.54,6.8,146.5,6.8,0.2,1.3,8.3,0.9,-0.2,0.8,9.3,9.1,6,15.1,11.45,0.8,1.03,1.16,1.15,1.23,33,31.4,0.391,16,12,58,20.7,8.18,0.66,8.84,0.77,0.92,0.04,2.35,-1.38,0.96,1.04,1.07,-0.14,3,0,0,2.38,6500
최형우,2016,삼성,LF,618,2435,3.94,26.2,14.2,27.6,32,56.8,43.2,42,27.2,80.7,76.5,41.1,66,17,20.5,742,68,9.2,618,519,99,195,46,2,31,338,144,2,2,83,9,8,83,12,0,7,0.376,0.464,0.651,1.116,0.48,177.8,7.75,5.5,5.02,13.4,13.4,1,0.276,0.089,0.398,3,3.76,0.48,154.7,12.11,68.1,0.479,154,12.05,67.4,177.8,66.9,0.1,0,67,2.4,-7,-4.6,69.4,62.4,35.3,97.7,11.6,5.4,8.35,8.35,7.75,7.96,213,34.5,0.38,144,113,402,28.1,83.21,2.53,85.74,7.51,5.21,0.29,14.22,-8.72,5.5,1.02,7.27,-1.87,1,0,0,4.48,150000
박해민,2016,삼성,CF,641,2450,3.82,27.4,10,30.2,32.4,63.2,36.8,45.9,34.2,86.2,80.6,34,55,32,36.8,830,60,7.2,641,564,109,169,26,12,4,231,61,52,15,49,3,2,87,6,22,3,0.3,0.357,0.41,0.767,0.339,86.5,2.19,1.06,0.62,7.6,13.6,0.56,0.11,0.057,0.347,8.3,7.43,0.339,78.1,4.78,-11.7,0.339,77.7,4.76,-12.1,86.5,-12.6,3.6,4,-5,11.2,-0.4,10.8,6.2,5.8,36.6,42.4,11.18,0.5,1.55,2.23,2.19,3.19,163,25.4,0.299,61,57,336,17,-4.19,5.89,1.7,0.15,0.37,0.69,11.85,-10.79,1.06,1.04,0.92,0.1,3,2,4,4.29,23000
이영욱,2016,삼성,CF,52,192,3.69,22,29.6,27.3,21.2,68.8,31.3,53.7,42.3,62.1,43.2,28.9,15,6,28.6,48,3,6.3,52,49,16,8,1,0,1,12,4,6,3,2,1,0,21,1,0,0,0.163,0.212,0.245,0.456,0.214,4.9,-0.29,-0.57,1.92,3.9,40.4,0.1,0.082,0.048,0.259,5.4,1.71,0.214,0.4,0.22,-6.9,0.213,0.4,0.21,-6.9,4.9,-7,-0.3,2.1,-5.2,1.8,-0.5,1.3,-3.3,-3.8,3,-0.9,11.21,-0.3,-0.41,-0.24,-0.29,-0.12,16,30.8,0.143,4,3,36,8.3,-5.57,0.19,-5.37,-0.47,-0.52,-0.05,0.47,-1.04,-0.57,0.96,-0.48,-0.12,10,0,1,0,6500
백상원,2016,삼성,2B,517,1886,3.65,28.2,9.9,28,33.9,61.5,38.5,44.2,25.7,86.2,78.3,32,54,15,21.7,642,66,10.3,517,445,60,128,19,3,3,162,49,8,3,51,4,0,69,15,10,7,0.288,0.361,0.364,0.725,0.335,83.9,1.36,0.45,0.58,9.9,13.4,0.74,0.076,0.073,0.329,4.3,4.36,0.335,60.8,4.66,-11.7,0.335,60.8,4.66,-11.7,83.9,-12.1,0.7,0.5,-10.9,2.9,2,4.9,-8,-6,29.5,23.5,11.19,-0.5,1.08,1.18,1.36,1.62,145,28.1,0.312,49,46,307,15,-6.61,3.46,-3.16,-0.28,-0.05,0.5,8.46,-8.01,0.45,0.97,0.04,0.42,3,0,0,2.99,9000
김태완,2016,한화,,24,107,4.46,24.6,27.5,30.4,17.4,64.5,35.5,48.6,37.5,63.5,69.2,18.8,5,3,37.5,18,5,27.8,24,20,3,7,1,1,0,10,0,0,0,3,1,0,8,0,0,0,0.35,0.458,0.5,0.958,0.441,152.9,0.25,-0.13,0,12.5,33.3,0.38,0.15,0.108,0.583,4.8,0,0.441,5.1,10.68,1.8,0.441,5.1,10.68,1.8,152.9,1.8,0,0.1,1.9,0.6,-0.1,0.5,2.5,2.4,1.4,3.7,11.3,0.2,0.26,0.26,0.25,0.31,25,48.1,0.238,9,8,50,16,-4.79,0.27,-4.52,-0.4,-0.4,0.03,0.92,-1.28,-0.37,1.44,-0.32,0.07,31,0,0,0,5000
성의준,2016,삼성,3B,23,81,3.52,18,24,26,32,61.7,38.3,50.6,43.5,70.7,66.7,40,4,0,0,48,4,8.3,23,20,2,3,0,0,1,6,2,0,0,2,1,0,4,0,0,0,0.15,0.261,0.3,0.561,0.263,36.8,-0.06,0.04,4.35,8.7,17.4,0.5,0.15,0.111,0.133,2.4,0,0.263,1.2,1.92,-2,0.262,1.2,1.88,-2,36.8,-2.1,0,0.1,-1.9,0.1,0.2,0.3,-1.8,-1.6,1.3,-0.3,11.2,-0.1,-0.09,-0.07,-0.06,-0.05,6,26.1,0.2,2,1,11,9.1,-0.99,0.19,-0.81,-0.07,0.04,0,0.27,-0.23,0.04,0.58,-0.09,0.16,0,0,0,0,3500
우동균,2016,삼성,RF,82,369,4.5,35.5,9.6,27.7,27.3,59.6,40.4,38.5,14.6,85.2,85.9,43.7,8,2,20,115,9,7.8,82,68,14,15,1,0,2,22,10,0,0,12,0,0,10,0,1,1,0.221,0.333,0.324,0.657,0.309,67.1,-0.04,0.38,2.44,14.6,12.2,1.2,0.103,0.113,0.228,3.8,0,0.309,7.7,3.8,-3.8,0.309,7.7,3.79,-3.8,67.1,-3.8,0.1,0.3,-3.4,1.5,-0.8,0.8,-1.9,-2.7,4.7,2,11.15,-0.2,0,0.03,-0.04,0.1,21,25.6,0.286,10,8,34,23.5,-0.35,1.44,1.09,0.1,0.27,0.11,1.72,-1.33,0.38,1.15,0.01,0.32,16,0,1,0,5500
박한이,2016,삼성,RF,401,1690,4.21,27.6,15.1,29.1,28.3,60.1,39.9,43.5,20.2,79.2,77.3,36.5,59,13,18.1,561,48,8.6,401,349,57,105,21,0,14,168,69,1,0,40,2,2,72,5,6,4,0.301,0.372,0.481,0.854,0.374,109.2,1.57,3.4,3.49,10,18,0.56,0.181,0.071,0.341,3,1.87,0.374,61.6,6.42,5.4,0.374,61.4,6.4,5.2,109.2,4.9,0.6,-2.2,3.2,-1.1,-4.3,-5.4,2.2,-2.2,22.9,20.7,11.29,-0.2,2.1,1.96,1.57,1.48,127,31.7,0.333,69,55,236,23.3,24.9,1.81,26.71,2.34,3.26,0.14,8.98,-5.58,3.4,1.04,2.61,0.68,24,0,1,2.33,45000
배영섭,2016,삼성,RF,381,1562,4.1,38.5,6.3,24.3,30.9,58.7,41.3,36.1,15,89.7,84.8,40.6,26,16,38.1,454,36,7.9,381,323,53,86,17,0,4,115,22,5,8,51,5,0,42,10,1,1,0.266,0.374,0.356,0.73,0.348,92.5,0.71,-0.59,1.05,13.4,11,1.21,0.09,0.107,0.295,2.9,4.44,0.348,49.4,5.19,-4,0.348,49.4,5.19,-4,92.5,-4.3,-2.5,-0.9,-7.7,1.9,-2.1,-0.2,-5.8,-7.9,21.7,13.8,11.19,-0.7,1.21,0.9,0.71,0.88,92,24.2,0.189,22,18,192,9.4,-0.76,-2.96,-3.72,-0.33,-0.44,-0.15,5.63,-6.22,-0.59,0.94,0.34,-0.97,17,0,0,4.3,15000
조동찬,2016,삼성,3B,282,1124,3.99,21.3,21.9,30.1,26.7,63,37,49.6,37.9,72.2,71.8,37.8,50,14,21.9,321,39,12.2,282,247,32,68,11,1,10,111,36,0,1,26,3,0,64,7,3,3,0.275,0.348,0.449,0.797,0.354,95.6,0.79,0.62,3.55,9.2,22.7,0.41,0.174,0.072,0.33,2.4,0,0.354,38,5.32,-1.5,0.353,37.8,5.29,-1.7,95.6,-1.9,-0.2,-3.4,-5.5,-3.5,1.2,-2.3,-9,-7.8,16.1,8.3,11.25,-0.7,1,0.68,0.79,0.48,78,27.7,0.222,36,26,174,14.9,-0.6,1.18,0.58,0.05,0.51,0.11,5.13,-4.5,0.62,0.94,1.03,-0.36,10,0,0,4.55,40000
구자욱,2016,삼성,1B,495,1931,3.9,28.8,12.8,27.2,31.2,60.9,39.2,43.4,29.3,82.1,79.4,38.8,49,19,27.9,496,50,10.1,495,428,105,147,19,13,14,234,77,10,5,55,5,1,68,4,2,5,0.343,0.42,0.547,0.967,0.427,142.5,3.96,4.99,2.83,11.1,13.7,0.81,0.203,0.076,0.379,6.9,11.67,0.427,99.6,9.06,30.3,0.425,98.9,8.99,29.5,142.5,29.1,0.1,1.4,30.7,2.7,-9,-6.3,33.3,24.4,28.2,52.6,11.45,2.1,4.61,4.74,3.96,4.19,162,32.7,0.352,77,63,287,22,47.77,3.91,51.68,4.53,4.51,0.47,11.51,-6.52,4.99,1,4.45,0.54,2,0,3,4.32,16000
이승엽,2016,삼성,DH,623,2402,3.86,23,16.2,29.4,31.4,61.1,38.9,47,30.5,78.9,79.8,26.4,81,8,9,868,80,9.2,623,542,91,164,32,2,27,281,118,5,2,65,8,1,89,7,0,8,0.303,0.38,0.518,0.899,0.396,123.1,2.62,2.49,4.33,10.4,14.3,0.73,0.216,0.078,0.316,4.1,8.44,0.396,108.1,7.39,20.8,0.395,107.4,7.34,20.1,123.1,19.7,0.6,0.3,20.6,0.5,-20.4,-19.8,21.1,0.8,35.5,36.3,11.36,0.1,4.33,4.41,2.62,2.66,216,34.7,0.328,118,91,408,22.3,42.18,2.65,44.83,3.93,2.05,0.44,12.45,-9.97,2.49,1.02,3.84,-1.39,3,0,1,2.1,100000
김정혁,2016,삼성,3B,118,450,3.81,29.2,17.6,25.1,28.1,65.6,34.4,46.4,25.4,75.1,71.1,36.6,21,4,16,89,6,6.7,118,106,13,25,1,1,2,34,11,1,1,9,1,0,25,3,1,1,0.236,0.299,0.321,0.62,0.288,53.1,-0.19,-0.88,1.7,7.6,21.2,0.36,0.085,0.063,0.288,4.3,1.33,0.288,8.8,2.74,-7.7,0.287,8.8,2.73,-7.8,53.1,-7.8,-0.2,0.5,-7.6,-1.1,-0.1,-1.1,-8.6,-8.7,6.7,-2,11.16,-0.8,-0.21,-0.19,-0.19,-0.29,31,26.3,0.154,11,9,65,13.9,-6.27,-0.2,-6.47,-0.57,-0.86,-0.01,1.48,-2.35,-0.88,1.03,-0.45,-0.4,5,0,0,2.78,4300
나성용,2016,삼성,DH,13,48,3.69,24.2,33.3,21.2,21.2,68.8,31.3,52.1,53.9,56,37.5,38.5,4,1,20,11,1,9.1,13,12,1,2,0,0,0,2,0,0,0,1,0,0,5,0,0,0,0.167,0.231,0.167,0.397,0.203,-1.7,-0.13,-0.26,0,7.7,38.5,0.2,0,0.064,0.286,3.1,0,0.203,0,-0.1,-1.9,0.203,0,-0.08,-1.9,-1.7,-1.9,0,0,-1.8,0,-0.3,-0.3,-1.8,-2.1,0.7,-1.4,11.04,-0.2,-0.11,-0.11,-0.13,-0.14,5,38.5,0,0,0,16,0,-2.87,0,-2.87,-0.25,-0.26,0,0.08,-0.34,-0.26,1.23,-0.15,-0.07,4,0,0,0,3900
이상훈,2016,삼성,RF,14,51,3.64,8.1,21.6,43.2,27,72.6,27.5,66.7,35.7,76.5,73.3,16.7,4,0,0,11,1,9.1,14,12,0,1,0,0,0,1,0,0,0,0,0,0,4,0,2,0,0.083,0.083,0.083,0.167,0.067,-89.8,-0.29,-0.42,0,0,28.6,0,0,0,0.125,1.9,0,0.067,-1.8,-3.66,-3.7,0.068,-1.8,-3.66,-3.7,-89.8,-3.7,0,0,-3.7,0.8,0,0.7,-3,-3,0.8,-2.2,10.86,-0.3,-0.29,-0.28,-0.29,-0.22,6,42.9,0,0,0,10,0,-3.88,0,-3.88,-0.34,-0.42,0,0,-0.42,-0.42,1.41,-0.31,0.01,2,0,0,0,3600
김상수,2016,삼성,SS,401,1433,3.57,37.2,8.2,18.5,36.1,63.9,36.1,40.1,12,87,82.7,28.8,31,8,20.5,564,36,6.4,401,358,56,97,13,0,3,119,38,6,4,23,8,0,39,9,8,4,0.271,0.326,0.332,0.658,0.304,64.5,0.4,-1.19,0.75,5.7,9.7,0.59,0.062,0.055,0.294,3.9,4,0.304,36.1,3.41,-20.1,0.305,36.2,3.42,-20,64.5,-20.3,-0.4,1.5,-19.1,-6.7,5,-1.7,-25.9,-20.9,22.9,2,11.18,-1.9,-0.14,-0.04,0.4,-0.2,127,31.7,0.236,38,35,248,14.1,-13.78,-1.56,-15.34,-1.34,-1.13,-0.06,6.05,-7.24,-1.19,1.04,-1.34,0.2,0,1,1,1.19,31000
이지영,2016,삼성,C,419,1333,3.18,19,9,31.9,40,68.9,31.1,55.8,41.8,88.8,86,28.5,27,5,15.6,287,28,9.8,419,390,36,116,12,0,7,149,50,3,2,12,7,0,32,13,8,2,0.297,0.329,0.382,0.711,0.321,75.2,0.98,-0.03,1.67,2.9,7.6,0.38,0.085,0.031,0.309,2.3,4.2,0.321,44.1,3.98,-14.7,0.321,44.1,3.99,-14.6,75.2,-14.9,0,-2,-16.9,2.3,8.3,10.6,-14.6,-6.3,23.9,17.6,11.16,-0.6,0.41,0.23,0.98,1.18,133,31.7,0.342,50,43,293,14.7,-9.95,-0.22,-10.17,-0.89,-0.12,0.09,7.34,-7.37,-0.03,1.07,-0.71,0.68,18,0,0,8.54,26000
에반스,2016,두산,DH,481,2040,4.24,27,16.7,29.7,26.6,58.4,41.6,42.7,32.6,77.1,74.8,42.6,59,31,34.4,595,65,10.9,481,400,69,123,31,0,24,226,81,0,0,69,5,0,90,10,0,7,0.308,0.41,0.565,0.975,0.425,150.6,3.76,3.29,4.99,14.4,18.7,0.77,0.258,0.102,0.338,1.7,0,0.425,96.3,8.85,28.9,0.437,101.5,9.32,34.1,150.6,33.7,0.5,-1,33.3,-2.2,-13.2,-15.4,31,17.9,27.4,45.3,11.48,1.6,4.94,4.9,3.76,3.56,143,29.7,0.266,81,57,285,20,24.95,3.45,28.4,2.49,3.11,0.17,9.93,-6.64,3.29,0.89,3.44,0.25,3,0,0,6.12,68000
김재호,2016,두산,SS,496,2040,4.11,36,6.7,25.8,31.5,59.4,40.6,38,17.9,89.6,85.3,34.7,29,23,44.2,689,42,6.1,496,416,69,129,27,3,7,183,78,8,4,57,5,1,52,8,5,13,0.31,0.389,0.44,0.829,0.374,110.5,3.24,2.4,1.41,11.5,10.5,1.1,0.13,0.079,0.33,4.8,7.47,0.374,75.9,6.46,6.4,0.376,76.8,6.54,7.3,110.5,7,0.2,-0.1,7.1,13.1,6.2,19.2,20.1,26.3,28.3,54.6,11.23,2.3,2.69,2.7,3.24,4.41,161,32.5,0.336,78,71,282,25.2,13.73,1.94,15.67,1.37,2.16,0.25,9.14,-6.74,2.4,0.93,1.96,0.62,3,0,3,5.09,65000
오재원,2016,두산,2B,484,1976,4.08,29.1,14.1,27.3,29.5,58.9,41.1,41.8,28.9,80.1,76.4,38,67,15,18.3,782,60,7.7,484,416,68,113,18,1,5,148,58,13,10,54,5,1,82,10,3,6,0.272,0.358,0.356,0.713,0.334,84.5,1.43,0.72,1.03,11.2,16.9,0.66,0.084,0.086,0.322,4.3,7.22,0.334,56.7,4.61,-11.1,0.336,57.3,4.66,-10.5,84.5,-10.9,-1.8,4.5,-8.2,3.7,1.7,5.4,-4.5,-2.9,27.6,24.8,11.19,-0.3,1.04,1.28,1.43,1.76,144,29.8,0.33,58,53,287,18.5,-3.8,-1.9,-5.7,-0.5,0.33,0.39,7.75,-7.03,0.72,0.92,0.2,0.59,4,0,0,2.75,55000
김재환,2016,두산,LF,568,2246,3.95,20.1,20.8,29,30.2,57.5,42.5,46,36.3,74,70.6,40.6,83,24,22.4,701,85,12.1,568,492,107,160,32,3,37,309,124,8,2,71,0,3,107,9,0,5,0.325,0.407,0.628,1.035,0.442,162.7,5.75,5.71,6.51,12.5,18.8,0.66,0.303,0.081,0.348,5,13.16,0.442,122.2,9.48,42.6,0.456,129.5,10.05,49.9,162.7,49.5,1.2,-3.4,47.3,-4.4,-8.3,-12.7,42.9,34.6,32.4,67,11.54,3,6.66,6.47,5.75,5.37,182,32,0.313,124,87,371,23.5,55.8,2.76,58.56,5.13,5.52,0.19,13.6,-7.89,5.71,0.95,5.18,0.84,5,0,0,0,20000
국해성,2016,두산,RF,174,678,3.9,22,20.8,28.9,28.4,60.3,39.7,47.1,39.7,73.4,70.7,38.5,27,9,25,217,19,8.8,174,151,28,42,11,0,4,65,24,1,1,21,1,0,36,1,0,1,0.278,0.368,0.43,0.798,0.365,107,0.55,0.4,2.3,12.1,20.7,0.58,0.152,0.09,0.339,3.7,1.6,0.365,25.3,6.1,0.9,0.37,26.1,6.29,1.7,107,1.6,-0.1,-0.2,1.3,-0.1,-3.2,-3.3,1.2,-2.1,9.9,7.9,11.28,-0.2,0.87,0.84,0.55,0.54,49,28.2,0.378,24,20,95,21.1,5.98,0.5,6.48,0.57,0.33,0.06,2.72,-2.32,0.4,0.81,0.56,-0.07,12,0,0,3.13,5000
박세혁,2016,두산,C,210,782,3.72,24.9,18.1,28.1,29,62.3,37.7,46.8,31,76,65.5,37.7,37,8,17.8,303,29,9.6,210,172,26,36,5,1,5,58,23,2,2,22,2,0,45,1,11,3,0.209,0.302,0.337,0.639,0.281,51.9,0.04,-0.36,2.38,10.5,21.4,0.49,0.128,0.092,0.248,5,2.86,0.281,14.4,2.54,-15,0.285,15.3,2.69,-14.2,51.9,-14.3,-0.4,1.1,-13.6,0.8,4.4,5.2,-12.9,-8.5,12,3.5,11.14,-0.8,-0.41,-0.35,0.04,0.11,66,31.4,0.148,23,18,127,14.2,-5.64,1.29,-4.35,-0.38,-0.46,0.11,2.7,-3.06,-0.36,0.86,-0.47,0.06,8,0,2,2.86,6000
허경민,2016,두산,3B,609,2219,3.64,32.1,10,22.4,35.5,61.9,38.1,42.1,16.3,85.3,81.5,35.8,46,12,20.7,822,60,7.3,609,538,96,154,24,4,7,207,81,6,6,49,14,1,58,14,6,2,0.286,0.36,0.385,0.745,0.344,90.5,1.91,0.46,1.15,8.1,9.5,0.85,0.099,0.074,0.31,4.6,6.46,0.344,76.8,5.03,-8.6,0.345,77.3,5.06,-8.1,90.5,-8.5,-1.1,0.2,-9.4,-7.2,2.4,-4.8,-16.7,-14.3,34.7,20.5,11.25,-1.3,1.78,1.7,1.91,1.27,184,30.2,0.321,81,74,370,20,18.83,2.73,21.56,1.89,0.32,0.15,9.7,-9.24,0.46,0.91,0.9,-0.39,1,0,0,4.11,30000
류지혁,2016,두산,SS,134,476,3.55,21.5,19.9,28.3,30.3,64.5,35.5,50.6,47.8,74.7,68.2,31.3,22,6,21.4,168,14,8.3,134,118,34,34,5,0,3,48,9,3,2,10,3,0,28,0,2,1,0.288,0.356,0.407,0.763,0.346,94,0.73,0.02,2.24,7.5,20.9,0.36,0.119,0.068,0.352,5.1,3,0.346,17.2,5.21,-1.6,0.35,17.6,5.35,-1.1,94,-1.2,-0.2,2.4,1,5.5,0.9,6.4,6.5,7.4,7.6,15,11.23,0.7,0.45,0.64,0.73,1.22,36,26.9,0.296,9,6,69,8.7,-0.03,0.65,0.62,0.05,0.02,0,1.31,-1.29,0.02,0.62,0.29,-0.25,2,0,0,0,5700
김동한,2016,롯데,2B,96,367,3.82,22.2,12.6,34.3,31,65.1,34.9,50.7,26,83.9,77.8,30.1,13,3,18.8,99,6,6.1,96,88,6,23,5,0,0,28,12,4,1,6,0,0,16,1,2,0,0.261,0.309,0.318,0.627,0.29,56,0.05,0.14,0,6.3,16.7,0.38,0.057,0.047,0.319,3.9,0,0.29,7.4,2.89,-6.1,0.292,7.5,2.95,-5.9,56,-6,0.4,-3.2,-8.8,-1.3,4.9,3.7,-10.1,-5.1,5.5,0.3,11.15,-0.5,-0.14,-0.39,0.05,-0.06,31,32.3,0.25,12,12,75,16,-4.77,0.83,-3.94,-0.35,0.09,0.05,2.13,-1.99,0.14,1.31,-0.45,0.55,3,0,1,0,3800
오재일,2016,두산,1B,455,1854,4.08,21.8,15.7,33.3,29.2,58.4,41.6,45.7,33.9,79.9,78.4,37.9,60,13,17.8,593,49,8.3,455,380,69,120,20,2,27,225,92,1,0,64,2,2,73,5,2,7,0.316,0.411,0.592,1.003,0.43,154.4,4.03,4.67,5.93,14.1,16,0.88,0.276,0.095,0.324,3.6,1.93,0.43,93,9.16,29.2,0.443,98.4,9.7,34.7,154.4,34.3,0.7,-1.6,33.4,-0.5,-8.9,-9.4,33,24.1,26,50,11.49,2.1,4.88,4.81,4.03,3.99,138,30.3,0.295,92,65,256,25.4,47.39,1.13,48.53,4.25,4.6,0.07,10.43,-5.76,4.67,0.93,5.07,-0.04,2,0,0,0,19800
최주환,2016,두산,2B,182,727,4,29.5,8.3,29.5,32.8,61.6,38.4,43.5,17,88.3,85.6,27.9,17,2,10.5,283,17,6,182,160,21,45,11,0,2,62,22,0,0,12,4,1,19,2,2,4,0.281,0.339,0.388,0.726,0.328,80.9,0.16,-0.01,1.1,6.6,10.4,0.63,0.106,0.058,0.301,2.6,0,0.328,20.2,4.44,-5.3,0.33,20.6,4.53,-4.9,80.9,-5,0.2,0.1,-4.7,-0.9,-2,-2.9,-5.7,-7.7,10.4,2.7,11.23,-0.7,0.31,0.34,0.16,0.08,46,25.3,0.382,22,20,89,22.5,3.46,0.28,3.74,0.33,-0.02,0.01,2.83,-2.85,-0.01,0.97,0.27,-0.28,34,0,0,2.7,10000
정진호,2016,두산,LF,32,126,3.94,20.6,14.7,30.9,33.8,54,46,42.9,25,81.5,94.7,42.4,1,0,0,21,2,9.5,32,24,9,9,0,1,0,11,3,0,2,6,2,0,1,0,0,0,0.375,0.531,0.458,0.99,0.473,169.9,0.27,0.3,0,18.8,3.1,6,0.083,0.156,0.391,6.8,0,0.473,7.8,12.4,3.3,0.467,7.6,12.1,3.1,169.9,3.1,-0.9,-0.1,2.1,-0.4,-0.5,-0.9,1.6,1.1,1.8,3,11.32,0.1,0.41,0.32,0.27,0.23,12,37.5,0.333,3,3,18,16.7,3.63,-0.24,3.38,0.3,0.28,0.02,0.59,-0.28,0.3,0.81,0.12,0.25,4,0,1,0,4700
박건우,2016,두산,RF,540,2092,3.87,24.6,14,30.4,31.1,62.7,37.3,47.2,33.3,81.5,78.1,35.7,72,14,16.3,522,57,10.9,540,484,95,162,36,4,20,266,83,17,6,38,9,0,86,9,4,5,0.335,0.39,0.55,0.94,0.411,137.7,4.51,2.99,3.7,7,15.9,0.44,0.215,0.055,0.371,5.9,18.38,0.411,100.8,7.87,25.2,0.417,104.2,8.13,28.5,137.7,28.1,1,1.5,30.6,2.2,-4.7,-2.5,32.8,28.1,30.8,58.9,11.42,2.5,4.71,4.93,4.51,4.71,143,26.5,0.331,83,63,288,21.9,32.43,1.82,34.25,3,2.83,0.16,10.74,-7.76,2.99,0.91,4.27,-0.99,10,1,3,6.25,19500
민병헌,2016,두산,RF,579,2135,3.69,21.1,16.2,29.8,32.8,60.6,39.4,47.8,33.9,79.4,72.9,37.5,71,20,22,649,62,9.6,579,511,98,166,31,4,16,253,87,9,2,48,15,1,91,18,1,4,0.325,0.396,0.495,0.891,0.4,129.5,4.24,2.84,2.76,8.3,15.7,0.53,0.17,0.071,0.368,4.9,11.52,0.4,102.7,7.5,21.6,0.405,105.1,7.67,23.9,129.5,23.5,1.5,-1.2,23.8,-2.3,-2.9,-5.3,21.5,18.5,33,51.6,11.4,1.6,4.47,4.5,4.24,4.04,171,29.5,0.357,87,71,343,20.7,34.8,3.27,38.07,3.34,2.51,0.33,11.06,-8.22,2.84,0.91,2.85,0.27,6,0,2,5.79,55000
양의지,2016,두산,C,392,1414,3.61,28.5,5.4,29.1,37,59.5,40.5,42.5,29.1,92.5,87.2,32.5,16,13,44.8,500,43,8.6,392,332,66,106,17,0,22,189,66,2,0,40,12,1,29,20,1,7,0.319,0.404,0.569,0.973,0.422,149.6,4.81,1.96,5.61,10.2,7.4,1.38,0.25,0.085,0.292,2.1,3.67,0.422,77.3,8.22,22.4,0.436,82.2,8.73,27.2,149.6,26.9,0.8,1.6,29.4,0.8,7,7.7,30.1,37.1,22.4,59.5,11.45,3.2,3.99,4.2,4.81,4.87,125,31.9,0.245,66,44,260,16.9,14.4,1.74,16.13,1.41,1.82,0.14,8.1,-6.14,1.96,0.93,3.09,-0.98,6,0,0,10.81,48000
정훈,2016,롯데,2B,439,1836,4.18,32.1,11.5,29,27.4,60.6,39.4,41.2,24.4,83.1,78.4,36.8,58,17,22.7,552,37,6.7,439,370,48,97,18,2,2,125,46,7,7,43,16,0,75,12,8,2,0.262,0.362,0.338,0.7,0.331,82.5,0.73,1.07,0.46,9.8,17.1,0.57,0.076,0.1,0.322,3.6,3.11,0.331,50,4.47,-11.5,0.332,50.7,4.54,-10.8,82.5,-11.1,-1.6,-1.2,-13.9,-2.1,1.5,-0.6,-16,-14.5,25,10.6,11.19,-1.3,0.84,0.59,0.73,0.54,131,29.8,0.356,46,44,243,18.1,-1.21,-1.1,-2.31,-0.2,1.28,-0.2,7.82,-6.75,1.07,0.95,-0.4,1.53,10,0,0,0,15000
손아섭,2016,롯데,RF,672,2795,4.16,28.4,12.5,30.1,29,58.3,41.7,41.7,26.2,82.6,78.1,38.9,76,28,26.9,864,68,7.9,672,575,118,186,33,1,16,269,81,42,4,92,3,1,104,4,0,2,0.323,0.418,0.468,0.886,0.406,131,5.3,6.03,2.38,13.7,15.5,0.89,0.144,0.095,0.372,6.2,23.17,0.406,122.9,8.31,28.7,0.407,123.4,8.35,29.2,131,28.7,7.3,0.1,36,-1.8,-7.4,-9.1,34.3,26.9,38.3,65.2,11.45,2.3,5.31,5.95,5.3,5.15,169,25.2,0.331,81,65,351,18.5,37.49,9.06,46.55,4.08,4.68,1.35,15.79,-9.76,6.03,1.05,4.09,1.64,0,1,6,5.46,65000
강민호,2016,롯데,C,460,1868,4.06,28.5,17.2,27.3,27.1,57.9,42.1,41.4,26.3,76,71.2,39.9,64,27,29.7,577,37,6.4,460,381,65,123,26,0,20,209,72,4,0,66,10,4,91,7,0,3,0.323,0.433,0.549,0.981,0.434,147.7,5,5.06,4.35,14.4,19.8,0.73,0.226,0.11,0.377,3.2,6.67,0.434,95.6,9.63,31.2,0.433,95.2,9.59,30.7,147.7,30.4,1.3,-1.7,30,0.2,5.4,5.6,30.2,35.6,26.2,61.8,11.45,3.1,4.57,4.54,5,5.02,142,30.9,0.33,72,52,250,20.8,36.92,1.48,38.41,3.37,4.95,0.11,11.58,-6.52,5.06,1.05,3.96,0.87,8,0,1,0,100000
전준우,2016,롯데,CF,113,430,3.81,34.3,13,23.2,29.5,59.1,40.9,38.8,21.2,80.2,63.2,38.7,17,8,32,104,9,8.7,113,99,16,25,7,0,2,38,10,3,3,7,6,0,25,4,1,0,0.253,0.339,0.384,0.723,0.333,83,0.19,0.1,1.77,6.2,22.1,0.28,0.131,0.087,0.319,3,2.4,0.333,13.2,4.33,-2.7,0.333,13.1,4.33,-2.7,83,-2.8,-0.8,0,-3.5,-4,0.4,-3.6,-7.5,-7.1,6.4,-0.7,11.27,-0.6,0.23,0.16,0.19,-0.16,35,31,0.259,10,8,61,13.1,-0.63,0.98,0.35,0.03,-0.01,0.1,2.35,-2.25,0.1,1.13,-0.22,0.3,0,0,0,3.45,20500
김지수,2016,넥센,2B,106,417,3.93,37.6,10.5,20.9,31,61.9,38.1,38.6,16,83.2,75.8,43.1,8,8,50,213,14,6.6,106,91,16,26,5,0,3,40,9,2,2,10,0,0,16,3,4,1,0.286,0.353,0.44,0.793,0.345,88.8,0.32,0.2,2.83,9.4,15.1,0.63,0.154,0.067,0.315,3.2,2.4,0.345,13.4,4.83,-1.4,0.342,13.2,4.75,-1.7,88.8,-1.7,-0.5,0.3,-2,3.4,0.6,4,1.4,2,6,8.1,11.21,0.2,0.29,0.27,0.32,0.62,31,29.3,0.16,9,6,59,10.2,-3.68,-1.35,-5.03,-0.44,0.34,-0.13,1.37,-1.16,0.2,0.64,-0.1,0.42,9,1,0,3.85,6200
최준석,2016,롯데,DH,396,1732,4.37,38.7,14.5,24.2,22.6,57.9,42.1,35.5,21,76.4,67.5,34.8,65,37,36.3,613,47,7.7,396,325,49,85,10,0,19,152,70,0,0,64,3,2,102,14,0,4,0.262,0.384,0.468,0.852,0.381,113.9,0.7,1.26,4.8,16.2,25.8,0.63,0.206,0.122,0.317,0.7,0,0.381,63.4,6.64,7.9,0.381,63.2,6.61,7.7,113.9,7.4,0.4,-6.6,1.3,0.3,-12,-11.7,1.6,-10.4,22.6,12.2,11.27,-0.9,2.31,1.77,0.7,0.73,133,33.6,0.263,70,51,239,21.3,11.44,0.58,12.03,1.05,1.2,0.06,7.97,-6.72,1.26,1.04,2.08,-0.87,30,0,1,0,40000
박헌도,2016,롯데,LF,82,334,4.07,41.2,17.2,20.6,21.1,62.6,37.4,36.8,19.5,70.7,55.9,39.8,21,4,16,78,7,9,82,69,9,18,7,0,3,34,11,1,0,10,3,0,25,1,0,0,0.261,0.378,0.493,0.871,0.39,118.6,0.36,0.11,3.66,12.2,30.5,0.4,0.232,0.117,0.366,2.6,1.5,0.39,13.7,7.14,2.3,0.388,13.6,7.08,2.1,118.6,2.1,0.3,-0.9,1.5,-1.1,-1.2,-2.3,0.4,-0.8,4.7,3.8,11.31,-0.1,0.53,0.47,0.36,0.27,25,30.5,0.261,11,8,55,14.6,3.64,0.37,4.01,0.35,0.06,0.05,1.64,-1.53,0.11,1.11,0.49,-0.39,20,0,0,0,5600
김문호,2016,롯데,LF,599,2405,4.02,28.5,9.7,30.7,31.1,61.7,38.3,44.1,28.4,86.4,84,35.4,47,23,32.9,717,46,6.4,599,526,77,171,28,3,7,226,70,12,15,62,6,1,70,15,3,2,0.325,0.401,0.43,0.831,0.384,117,2.47,1.35,1.17,10.4,11.7,0.89,0.105,0.076,0.364,3.8,8.84,0.384,97.1,6.72,13.2,0.386,98.2,6.8,14.3,117,13.8,-4.3,-2.9,6.6,-1.5,-6.9,-8.4,5.1,-1.7,34.2,32.4,11.3,-0.2,3.72,3.08,2.47,2.34,180,30.1,0.305,70,63,359,17.6,18.46,0.34,18.8,1.65,1.44,-0.09,11.47,-10.12,1.35,1.03,1.88,-0.57,9,0,0,0,14000
신본기,2016,롯데,SS,104,364,3.5,35.3,10.6,21.6,32.6,59.9,40.1,38.7,27.9,83.7,72.3,42,9,3,25,82,4,4.9,104,81,13,25,4,0,1,32,10,0,1,13,8,0,12,3,2,0,0.309,0.451,0.395,0.846,0.402,128.1,0.82,0.52,0.96,12.5,11.5,1.08,0.086,0.142,0.353,1.8,0,0.402,18.6,8.09,4,0.403,18.7,8.13,4.1,128.1,4,-0.3,-0.5,3.2,2.8,1.2,4,5.9,7.1,5.9,13.1,11.27,0.6,0.79,0.72,0.82,1.07,35,33.7,0.308,10,9,60,15,1.17,0.85,2.02,0.18,0.29,0.23,2.37,-1.86,0.52,1.13,0.45,0,0,0,0,0,5500
오지환,2016,LG,SS,472,1991,4.22,25.9,18.6,29.3,26.2,58.1,41.9,43,33.1,74.9,72.1,40.8,71,26,26.8,709,73,10.3,472,393,73,110,14,5,20,194,78,17,9,65,7,0,97,7,2,5,0.28,0.387,0.494,0.881,0.391,126.6,4.16,1.98,4.24,13.8,20.6,0.67,0.214,0.107,0.32,6.1,18.38,0.391,79.8,7.04,13.6,0.4,83.7,7.39,17.6,126.6,17.2,-0.5,2.4,19.1,3.2,5.8,9,22.3,28.1,26.9,55,11.36,2.5,3.48,3.65,4.16,4.44,157,33.3,0.266,78,58,287,20.2,21.3,2.19,23.49,2.06,1.69,0.29,10.27,-8.3,1.98,1.06,3.23,-1.36,4,0,0,4.17,35000
문선재,2016,LG,CF,127,510,4.02,23.7,20,29.2,27.1,63.7,36.3,48.6,38.6,73.8,71.2,31.1,24,5,17.2,146,5,3.4,127,111,28,32,3,2,7,60,16,5,0,10,0,0,29,1,5,1,0.288,0.344,0.541,0.885,0.367,112.2,0.79,0.01,5.51,7.9,22.8,0.35,0.252,0.056,0.329,7.5,5.83,0.367,18.7,5.86,0.9,0.378,20,6.27,2.2,112.2,2.1,1.1,0,3.2,4.4,-0.3,4.1,7.6,7.3,7.2,14.5,11.25,0.6,0.71,0.81,0.79,1.17,35,27.6,0.226,16,9,71,12.7,-2.41,1.76,-0.66,-0.06,-0.16,0.17,1.99,-1.99,0.01,0.88,0.68,-0.67,12,1,1,10.35,8000
양석환,2016,LG,1B,215,841,3.91,24.7,18.2,28.8,28.3,67.3,32.7,50.7,23.3,75.8,74.4,28.2,42,6,12.5,278,28,10.1,215,203,24,56,10,1,6,86,37,3,0,6,1,0,48,1,3,2,0.276,0.297,0.424,0.721,0.315,74.9,0.06,0.96,2.79,2.8,22.3,0.13,0.148,0.021,0.331,4.9,4,0.315,21.5,3.79,-8.7,0.321,22.6,3.98,-7.6,74.9,-7.7,0.8,0.6,-6.3,4,-3,1,-2.3,-5.3,12.3,7,11.17,-0.5,0.2,0.33,0.06,0.42,79,36.7,0.301,37,31,154,20.1,-2.42,1.72,-0.71,-0.06,0.81,0.15,4.38,-3.42,0.96,0.97,0.02,0.97,7,0,0,6.38,9000
박용택,2016,LG,DH,578,2249,3.89,21.9,14,32.1,32,61.8,38.2,48.2,31.3,82.1,83.7,34.4,52,19,26.8,822,75,9.1,578,509,84,176,24,0,11,233,90,6,6,58,4,5,71,13,0,7,0.346,0.412,0.458,0.87,0.397,126.9,2.96,3.59,1.9,10,12.3,0.82,0.112,0.066,0.38,3,7.77,0.397,100.5,7.56,19.5,0.401,102.8,7.73,21.8,126.9,21.4,-1.1,2.4,22.7,2.7,-16.5,-13.8,25.4,8.9,33,41.9,11.37,0.8,4.29,4.41,2.96,3.19,190,32.9,0.376,90,79,341,23.2,26.17,0.21,26.38,2.31,3.36,0.23,12.76,-9.17,3.59,1.07,2.58,0.77,11,0,0,4.29,80000
이병규,2016,LG,LF,350,1435,4.1,27.9,15.6,31,25.5,58,42,41.8,33.4,78.3,65.8,43.1,56,25,30.9,507,51,10.1,1,1,0,1,0,0,0,1,0,0,0,0,0,0,0,0,0,0,1,1,1,2,0.944,475.4,0.05,-0.03,2,13.4,23.1,0.58,0.128,0.116,0.351,4.9,7.47,0.368,51.9,6.28,2.8,0.372,53,6.42,4,108.1,0.5,0,0,0.5,0,0,0,0.5,0.5,0.1,0.6,11.64,0,0.05,0.05,0.05,0.05,108,30.9,0.214,37,30,191,15.7,10.93,0.47,11.4,1,0.94,0.2,6.87,-5.73,1.14,1.09,0.94,0.11,22,0,0,0,2700
서상우,2016,LG,DH,137,583,4.26,34.9,16.6,26.6,21.9,58,42,37.7,12.4,74.6,61.7,40.1,26,11,29.7,182,16,8.8,137,111,18,28,5,0,4,45,12,1,0,25,1,1,37,1,0,0,0.252,0.394,0.405,0.8,0.372,112.9,0.47,0.41,2.92,18.3,27,0.68,0.153,0.142,0.343,3.1,1.6,0.372,20.8,6.67,1.6,0.379,21.7,6.97,2.5,112.9,2.4,0.4,-0.4,2.3,0.1,-3.4,-3.3,2.4,-1,7.8,6.8,11.29,-0.1,0.78,0.77,0.47,0.48,35,25.6,0.2,12,8,63,12.7,7.59,0.24,7.83,0.69,0.4,0.01,2.38,-1.97,0.41,1,0.35,0.06,30,0,0,3.23,5500
정성훈,2016,LG,1B,418,1677,4.01,28.2,12.1,29.4,30.3,63.2,36.9,45.3,25.1,83.2,81.4,28.4,48,11,18.6,451,29,6.4,418,370,58,119,22,1,6,161,64,8,4,33,5,1,59,9,5,5,0.322,0.38,0.435,0.815,0.369,107.7,1.37,0.83,1.44,7.9,14.1,0.56,0.114,0.059,0.365,4.1,6.86,0.369,62.1,6.12,3.5,0.371,63.1,6.22,4.5,107.7,4.2,0.1,-0.8,3.5,-2.7,-7.7,-10.4,0.8,-6.9,23.8,16.9,11.3,-0.6,2.11,2.05,1.37,1.13,134,32.1,0.321,64,58,247,23.5,11.44,0.36,11.8,1.03,0.79,0.04,7.73,-6.91,0.83,1.03,1.33,-0.53,32,0,0,0,30000
이천웅,2016,LG,RF,320,1251,3.91,29.3,13.8,26.2,30.8,60.8,39.2,43,25.3,80.5,76.5,34,37,12,24.5,468,41,8.8,320,276,38,81,10,1,6,111,41,6,9,34,3,0,49,3,6,1,0.293,0.376,0.402,0.778,0.356,100,0.82,1.13,1.88,10.6,15.3,0.69,0.109,0.082,0.338,4,6,0.356,43.7,5.52,-1.1,0.359,44.8,5.66,0,100,-0.2,-2.9,-0.5,-3.6,-1.4,-2.2,-3.6,-5.1,-7.2,18.3,11,11.25,-0.6,1.31,1.01,0.82,0.69,88,27.5,0.307,41,35,181,19.3,8.81,-1.46,7.35,0.64,1.23,-0.1,6.38,-5.24,1.13,0.99,0.28,0.86,23,0,0,0,9300
손주인,2016,LG,2B,409,1580,3.86,31.1,7.8,27,34.2,62,38,42.7,18.3,88.7,87.1,34.8,28,7,20,451,27,6,409,354,47,114,20,3,2,146,39,5,4,33,6,0,35,6,12,4,0.322,0.385,0.412,0.798,0.36,100.1,1.61,0.08,0.49,8.1,8.6,0.94,0.09,0.063,0.349,4.5,2.86,0.36,57.6,5.84,0.2,0.36,57.4,5.82,0,100.1,-0.3,-0.5,-2.1,-2.9,6.3,1.8,8.1,3.4,5.2,23.3,28.6,11.21,0.5,1.68,1.45,1.61,2.17,105,25.7,0.241,39,37,218,17,-1.13,1.73,0.6,0.05,-0.11,0.19,6.64,-6.56,0.08,1.03,1.21,-1.13,10,0,0,0,20000
김용의,2016,LG,CF,347,1336,3.85,31.1,15,24.3,29.7,62.6,37.4,43.1,30.3,78.3,73,38.2,45,19,29.7,299,33,11,347,308,62,98,18,4,1,127,20,19,7,35,0,0,64,6,4,0,0.318,0.388,0.412,0.8,0.369,104.7,1.8,0.97,0.29,10.1,18.4,0.55,0.094,0.07,0.399,7.2,1.9,0.369,51.6,6.14,3,0.367,50.9,6.06,2.3,104.7,2,0.7,2.8,5.5,2.1,-1.6,0.5,7.6,6,19.8,25.8,11.29,0.5,1.63,1.93,1.8,1.98,71,20.5,0.29,20,19,161,11.8,5.75,1.59,7.34,0.64,0.88,0.1,6.09,-5.11,0.97,0.92,1.5,-0.44,9,1,2,3.42,12000
채은성,2016,LG,RF,451,1709,3.79,19,17.8,32.8,30.4,65,35,52.7,32.2,78,76.3,33.5,68,7,9.3,481,46,9.6,451,403,64,126,20,3,9,179,81,7,3,31,7,0,75,9,2,8,0.313,0.365,0.444,0.809,0.365,105.6,2.01,2.75,2,6.9,16.6,0.41,0.132,0.053,0.358,4.9,7.88,0.365,65.4,5.91,2.2,0.368,66.8,6.03,3.6,105.6,3.2,0.4,2.3,5.9,-2.4,-4.5,-6.8,3.6,-0.9,25.7,24.8,11.31,-0.1,2.17,2.4,2.01,1.8,158,35,0.346,81,72,313,23,15.9,2.65,18.55,1.63,2.38,0.37,10.71,-7.95,2.75,1.12,1.51,0.95,18,0,2,4.95,16000
히메네스,2016,LG,3B,579,2127,3.67,21.7,12.3,31.2,34.8,62.5,37.5,48.9,31.1,84.3,81.2,34.2,58,9,13.4,644,80,12.4,579,523,101,161,36,0,26,275,102,18,9,39,10,2,67,8,1,6,0.308,0.363,0.526,0.889,0.388,126.8,4.85,2.54,4.49,6.7,11.6,0.58,0.218,0.055,0.31,4.7,21.27,0.388,96.3,6.74,15.2,0.401,102.9,7.2,21.7,126.8,21.3,-0.3,4.8,25.8,5.8,1.9,7.7,31.5,33.5,33,66.5,11.37,2.9,4.29,4.68,4.85,5.36,180,31.1,0.304,102,76,383,19.8,25.68,0.03,25.71,2.25,2.5,0.04,13.17,-10.64,2.54,1.11,2.7,-0.42,3,2,2,6.82,70000
유강남,2016,LG,C,297,1079,3.63,22.6,15.2,30.7,31.6,66.1,33.9,51.2,24.9,80.4,77.1,23.6,45,3,6.3,425,32,7.5,297,263,28,70,7,0,8,101,47,0,0,17,7,0,48,6,4,6,0.266,0.321,0.384,0.705,0.317,76.5,0.78,1.1,2.69,5.7,16.2,0.35,0.118,0.055,0.291,1.7,0,0.317,30.1,3.89,-11.5,0.323,31.8,4.11,-9.8,76.5,-10,0.3,-1.7,-11.4,0.9,6.3,7.2,-10.6,-4.3,16.9,12.7,11.17,-0.4,0.34,0.22,0.78,0.86,94,31.7,0.317,47,39,183,21.3,-0.92,1.86,0.94,0.08,0.91,0.19,5.7,-4.59,1.1,0.97,0.47,0.67,6,0,1,0,10000
장영석,2016,넥센,1B,33,158,4.79,34.8,18,29.2,18,56.3,43.7,36.7,36.4,72.4,62.1,50,6,4,40,68,2,2.9,33,26,6,5,2,0,0,7,3,0,1,7,0,0,10,1,0,0,0.192,0.364,0.269,0.633,0.321,73.6,0.02,0.14,0,21.2,30.3,0.7,0.077,0.171,0.313,2.8,0,0.321,3.5,4.08,-1.1,0.319,3.4,4,-1.2,73.6,-1.2,-0.5,0.7,-1,-1.1,-0.4,-1.4,-2.1,-2.4,1.9,-0.6,11.26,-0.2,0.03,0.05,0.02,-0.08,14,42.4,0.182,3,3,23,13,-0.65,-0.19,-0.84,-0.07,0.19,-0.05,0.38,-0.24,0.14,0.63,0.07,0.15,8,1,0,14.29,3600
김민성,2016,넥센,3B,579,2420,4.18,34.1,10.2,26,29.7,60.5,39.6,39.8,13,84.5,79.8,35.4,64,25,28.1,798,58,7.3,579,510,76,156,39,5,17,256,90,6,3,53,3,3,89,15,1,12,0.306,0.367,0.502,0.869,0.38,111.6,3.37,1.81,2.94,9.2,15.4,0.6,0.196,0.061,0.334,4.5,8.87,0.38,92.2,6.47,11.1,0.377,90.6,6.35,9.4,111.6,9,0.3,1.2,10.4,3.2,0.4,3.6,13.7,14,33,47.1,11.3,1.2,3.21,3.34,3.37,3.65,190,32.8,0.298,90,73,352,20.7,15.52,0.19,15.71,1.38,1.73,0.09,11.16,-9.35,1.81,1.01,2.69,-0.9,0,0,0,4.88,37000
윤석민,2016,넥센,DH,402,1632,4.06,33.8,12.3,22.5,31.5,57.8,42.2,38.3,17.2,81.4,79.2,41,42,8,16,654,56,8.6,402,341,72,114,15,0,19,186,80,2,3,46,9,3,50,16,0,6,0.334,0.42,0.545,0.966,0.425,141.6,2.96,2.11,4.73,11.4,12.4,0.92,0.211,0.086,0.342,1.9,3.62,0.425,80.5,8.63,24.2,0.423,79.8,8.55,23.4,141.6,23.1,-0.6,1.3,23.8,-1,-9.1,-10.2,22.8,13.7,22.9,36.6,11.46,1.2,3.7,3.75,2.96,2.87,150,37.3,0.289,80,61,260,23.5,17.75,0.56,18.31,1.6,2.13,-0.01,8.55,-6.44,2.11,1.04,2.53,-0.49,0,0,0,2.15,21000
임병욱,2016,넥센,CF,265,1059,4,25,26.7,24.4,24,61.7,38.3,46.3,32.8,64.5,56.7,36.6,61,21,25.6,344,29,8.4,265,233,43,58,11,1,8,95,24,17,6,25,1,0,82,2,6,0,0.249,0.324,0.408,0.732,0.325,75.5,0.59,-0.37,3.02,9.4,30.9,0.31,0.159,0.075,0.35,6.6,10.88,0.325,28.8,4.11,-8.4,0.322,28.1,4.01,-9.1,75.5,-9.3,0.7,1.6,-7,2,1.2,3.2,-5,-3.8,15.1,11.3,11.2,-0.3,0.28,0.48,0.59,0.76,73,27.6,0.197,24,16,145,11,-6.92,-0.18,-7.1,-0.62,-0.29,-0.08,4.44,-4.81,-0.37,0.98,-0.08,-0.3,1,2,2,4.92,6500
채태인,2016,넥센,1B,417,1644,3.94,17.1,21.8,33.4,27.7,63,37,52.3,46,73.7,72.9,35.5,78,14,15.2,467,43,9.2,417,370,29,106,14,3,7,147,72,0,1,36,2,1,92,13,0,9,0.286,0.345,0.397,0.743,0.339,84.1,-0.14,1.79,1.68,8.6,22.1,0.39,0.111,0.059,0.354,2.4,0,0.339,50.6,4.76,-7.9,0.335,49.1,4.62,-9.3,84.1,-9.6,-0.1,-1.5,-11.2,0.4,-9.7,-9.4,-10.9,-20.6,23.8,3.2,11.19,-1.8,0.88,0.73,-0.14,-0.1,147,35.3,0.35,72,65,274,23.7,13.91,-0.06,13.84,1.21,1.82,-0.03,8.92,-7.12,1.79,1.05,0.88,0.82,24,1,0,4.05,30000
대니돈,2016,넥센,RF,497,1945,3.91,22.6,19,28.3,30.2,59.7,40.3,46.2,28.6,75.5,77.9,39.4,62,10,13.9,545,47,8.6,497,417,65,123,33,1,16,206,70,1,0,70,5,4,72,8,1,4,0.295,0.399,0.494,0.893,0.398,123.4,3.03,1.96,3.22,14.1,14.5,0.97,0.199,0.104,0.321,2.9,1.88,0.398,86.9,7.65,17.3,0.395,86,7.56,16.3,123.4,15.9,0.7,2.4,19.1,3.1,-8.1,-5,22.2,14.1,28.4,42.4,11.35,1.2,3.48,3.75,3.03,3.31,152,30.6,0.297,70,54,277,19.5,23.64,1.59,25.23,2.21,1.72,0.25,9.06,-7.1,1.96,1.01,3,-1.05,9,0,1,3.09,65000
이택근,2016,넥센,RF,460,1775,3.86,32.7,10.8,23.7,32.8,59.8,40.2,40.3,21.3,83.9,80.8,35.6,38,18,32.1,635,45,7.1,460,398,64,123,19,1,8,168,65,7,4,53,3,1,56,11,0,6,0.309,0.389,0.422,0.811,0.374,107.6,1.93,1.55,1.74,11.5,12.2,0.95,0.113,0.08,0.338,3.7,7.47,0.374,70.7,6.45,6.2,0.371,69.3,6.33,4.9,107.6,4.5,0,2.5,7,-1.5,-6.8,-8.3,5.4,-1.3,26.2,24.9,11.31,-0.1,2.32,2.53,1.93,1.8,146,31.7,0.345,65,57,276,20.7,6.97,-0.52,6.45,0.57,1.58,-0.03,8.4,-6.85,1.55,0.96,0.78,0.82,17,1,1,4.26,50000
홍성갑,2016,넥센,LF,68,252,3.71,21.9,28.1,22.5,27.5,63.5,36.5,49.6,30.9,64,60,43.7,13,5,27.8,50,6,12,68,62,4,14,0,1,0,16,7,1,0,1,5,0,18,2,0,0,0.226,0.294,0.258,0.552,0.271,39.8,-0.29,-0.11,0,1.5,26.5,0.06,0.032,0.068,0.318,4,0,0.271,4.1,2.2,-5.5,0.267,3.8,2.05,-5.7,39.8,-5.8,0.3,-0.3,-5.8,0.1,-0.6,-0.6,-5.7,-6.4,3.9,-2.5,11.17,-0.6,-0.24,-0.24,-0.29,-0.29,19,27.9,0.235,7,7,43,16.3,-4.74,1.06,-3.68,-0.32,-0.16,0.05,1.28,-1.39,-0.11,1.22,-0.26,0.18,26,0,1,0,3600
서건창,2016,넥센,2B,646,2334,3.61,32.5,6.9,23.8,36.8,59.3,40.7,40,23.2,89.7,80.7,38,43,15,25.9,731,51,7,646,560,111,182,30,7,7,247,63,26,13,69,10,2,58,6,3,4,0.325,0.406,0.441,0.847,0.389,116.6,4.46,4.17,1.08,10.7,9,1.19,0.116,0.081,0.351,6.8,11.03,0.389,107.9,7.21,17.4,0.385,105.6,7.05,15,116.6,14.6,-0.5,4.8,18.9,0,1.1,1.1,18.9,20,36.9,56.9,11.36,1.8,3.97,4.36,4.46,4.45,153,23.7,0.305,63,56,270,20.7,27.04,5.83,32.86,2.88,3.61,0.56,13.66,-9.49,4.17,0.99,3.55,0.67,0,1,5,4.55,40000
김하성,2016,넥센,SS,599,2467,4.12,30.9,11.5,26.9,30.7,59.8,40.3,41.3,19.4,83.4,81.8,31.8,51,29,36.3,964,86,8.9,599,526,92,148,29,7,20,251,84,28,15,60,6,2,80,7,2,5,0.281,0.359,0.477,0.836,0.37,104.8,3.81,1.12,3.34,10,13.4,0.75,0.196,0.077,0.297,6.8,23.33,0.37,89.5,5.94,5.6,0.367,88,5.84,4,104.8,3.6,-1.3,5.8,8.1,0.3,6.8,7.1,8.4,15.2,34.2,49.4,11.3,1.3,2.81,3.21,3.81,3.84,171,28.6,0.315,84,64,321,19.9,16.21,1.26,17.47,1.53,0.59,0.53,11.1,-9.98,1.12,0.99,1.83,-0.7,1,0,7,3.45,22000
유재신,2016,넥센,CF,74,296,4,34.6,9.2,28.1,28.1,62.5,37.5,40.9,25.7,86,78.2,42.7,7,5,41.7,104,9,8.7,74,62,20,16,0,0,0,16,6,16,7,10,0,0,12,0,2,0,0.258,0.361,0.258,0.619,0.305,62.5,-0.01,-0.41,0,13.5,16.2,0.83,0,0.103,0.32,6.7,0,0.305,6.7,3.29,-3.7,0.302,6.5,3.18,-3.9,62.5,-3.9,-0.2,0.6,-3.5,-2.7,-0.1,-2.8,-6.2,-6.3,4.2,-2.1,11.26,-0.6,-0.04,0,-0.01,-0.25,27,36.5,0.35,6,6,42,14.3,-1.16,0.16,-1,-0.09,-0.23,-0.18,1.14,-1.55,-0.41,1.05,-0.23,-0.16,5,0,2,0,6500
박정음,2016,넥센,CF,263,1047,3.98,34.2,11.7,26.7,27.4,62,38,40.8,25.1,82.2,74.6,32.3,31,21,40.4,290,25,8.6,263,223,45,69,5,3,4,92,26,16,9,30,3,0,52,5,5,2,0.309,0.395,0.413,0.808,0.37,103.8,1.1,0.81,1.52,11.4,19.8,0.58,0.103,0.086,0.385,6.7,6.4,0.37,39.3,6.06,2.4,0.365,38.3,5.9,1.4,103.8,1.2,-0.9,0.7,1,-0.9,-0.9,-1.8,0.1,-0.8,15,14.2,11.28,-0.1,1.2,1.18,1.1,1.02,66,25.1,0.365,26,22,126,17.5,2.75,-0.96,1.78,0.16,0.88,-0.07,4.68,-3.88,0.81,0.95,0.67,0.18,9,1,1,5.2,6600
강지광,2016,넥센,LF,80,309,3.86,20.4,29.1,28.1,22.5,63.4,36.6,50.5,42.5,63.5,60,42.3,18,6,25,96,8,8.3,80,66,10,13,2,0,1,18,7,1,3,11,1,0,24,1,1,1,0.197,0.317,0.273,0.589,0.286,50.7,-0.26,-0.48,1.25,13.8,30,0.46,0.076,0.119,0.286,3.6,1,0.286,5.8,2.68,-5.4,0.284,5.7,2.6,-5.5,50.7,-5.6,-1.2,0.7,-6.1,-1,-0.6,-1.6,-7.1,-7.7,4.6,-3.1,11.17,-0.7,-0.17,-0.21,-0.26,-0.35,26,32.5,0.15,7,6,43,14,-5.44,-1.47,-6.91,-0.61,-0.24,-0.24,0.9,-1.39,-0.48,0.8,-0.34,-0.26,6,1,0,0,3000
고종욱,2016,넥센,LF,566,2108,3.72,22.4,15.5,30.9,31.2,65.3,34.7,50.7,36,80.1,75.4,28.1,79,24,23.3,561,48,8.6,566,527,92,176,22,9,8,240,72,28,14,28,5,1,103,10,1,5,0.334,0.37,0.455,0.825,0.373,105.4,2.36,4.38,1.41,5,18.2,0.27,0.121,0.036,0.399,6.9,12.44,0.373,86.3,6.11,6.9,0.368,83.6,5.92,4.3,105.4,3.8,-0.7,3.4,6.5,-5.4,-6.5,-11.9,1.1,-5.4,32.3,26.9,11.33,-0.5,2.7,2.93,2.36,1.88,155,27.4,0.409,72,64,337,19,22.54,3.47,26.01,2.28,3.72,0.66,12.91,-8.53,4.38,1,2.53,1.84,11,2,4,6.57,12000
박동원,2016,넥센,C,454,1655,3.65,21.6,24.7,22.4,31.3,63.1,36.9,49.5,42.1,68.5,66.3,33.7,71,22,23.7,465,47,10.1,454,411,44,102,25,1,14,171,70,3,1,27,7,0,93,18,6,3,0.248,0.304,0.416,0.72,0.317,71.1,0.85,-1.14,3.08,6,20.5,0.29,0.168,0.055,0.287,2.3,4.94,0.317,46.2,3.7,-17.4,0.315,45.3,3.63,-18.4,71.1,-18.7,0.5,-2.7,-21,5.6,9.4,15.1,-15.4,-5.9,25.9,20,11.11,-0.5,0.21,0,0.85,1.36,146,32.2,0.252,70,56,304,18.4,-8.82,0.35,-8.47,-0.74,-1.17,0.03,7.51,-8.66,-1.14,1,-0.38,-0.76,1,0,0,6.33,20000
김태균,2016,한화,DH,652,2774,4.26,36.2,11,25.4,27.4,57.5,42.5,36.7,14.3,82.8,78.7,40,77,20,20.6,789,55,7,652,529,94,193,39,0,23,301,136,1,0,108,9,10,97,11,0,6,0.365,0.476,0.569,1.045,0.463,165.5,5.5,7.37,3.53,16.6,14.9,1.11,0.204,0.111,0.41,2.3,1.92,0.463,152.8,11.69,61.4,0.46,151.2,11.56,59.8,165.5,59.3,1.1,-10.1,50.3,-3.4,-18.3,-21.6,47,28.7,37.2,65.9,11.53,2.5,7.86,7.08,5.5,5.2,218,33.4,0.417,136,113,375,30.1,91.89,2.3,94.19,8.25,7.27,0.1,15.75,-8.38,7.37,1.03,6.96,0.22,0,0,0,0,160000
이용규,2016,한화,CF,530,2191,4.13,26.4,4.8,35.9,32.9,59.8,40.2,44,26.6,93.5,92.6,35.5,22,7,24.1,604,52,8.6,530,452,98,159,20,4,3,196,41,21,11,63,7,1,29,7,7,1,0.352,0.438,0.434,0.872,0.404,128.1,4.31,3.44,0.57,11.9,5.5,2.17,0.082,0.086,0.371,6,5.25,0.404,95.8,8.11,21.6,0.403,95.2,8.05,20.9,128.1,20.5,-0.5,2.1,22,-3.8,1.9,-1.9,18.2,20.1,30.2,50.4,11.43,1.8,4,4.14,4.31,3.97,125,23.6,0.374,41,38,249,15.3,28.56,-0.1,28.46,2.49,3.44,0,10.75,-7.31,3.44,0.98,2.88,0.62,0,0,0,1.38,90000
양성우,2016,한화,RF,446,1701,3.81,29.3,10.3,28.4,32,60.8,39.2,43,28.5,85.5,77.2,34.7,50,17,25.4,614,58,9.5,446,384,52,104,12,4,4,136,53,5,2,39,9,0,67,6,8,6,0.271,0.347,0.354,0.701,0.324,76.1,0,0.47,0.9,8.7,15,0.58,0.083,0.076,0.314,5.3,4.44,0.324,48.1,4.3,-14.4,0.323,47.6,4.25,-14.9,76.1,-15.3,0.5,-0.8,-15.6,3,-5.1,-2.1,-12.6,-17.7,25.4,7.8,11.14,-1.6,0.49,0.46,0,0.27,128,28.7,0.318,53,49,277,17.7,3.29,1.09,4.38,0.38,0.4,0.08,7.51,-7.03,0.47,0.99,0.88,-0.4,3,1,0,0,8000
최진행,2016,한화,LF,85,316,3.72,31.6,16.8,22.1,29.5,60.1,39.9,41.1,20,75.4,70.2,40.5,12,4,25,68,6,8.8,85,70,4,23,2,0,1,28,9,0,0,11,2,0,16,1,2,0,0.329,0.434,0.4,0.834,0.389,118.2,0.31,0.3,1.18,12.9,18.8,0.69,0.071,0.105,0.415,1.4,0,0.389,14.2,7.68,2.3,0.387,14.1,7.6,2.2,118.2,2.1,0.1,-1.7,0.5,-0.8,-1,-1.8,-0.3,-1.3,4.8,3.6,11.3,-0.1,0.54,0.4,0.31,0.24,25,29.4,0.412,9,8,44,18.2,1.85,0,1.85,0.16,0.3,0,1.59,-1.29,0.3,1.08,0.13,0.15,6,0,0,0,17000
정근우,2016,한화,2B,650,2335,3.59,32.8,9.9,19.6,37.7,59.4,40.6,40,22.8,85.2,82.2,39.9,44,14,24.1,844,64,7.6,650,575,121,178,31,2,18,267,88,22,6,60,9,2,58,14,1,5,0.31,0.381,0.464,0.845,0.381,112.5,4.37,3.71,2.77,9.2,8.9,1.03,0.155,0.071,0.318,5.5,19.8,0.381,103.9,6.63,12.8,0.379,102.5,6.54,11.4,112.5,10.9,2.1,3.6,16.7,-0.7,2.3,1.6,16,18.3,37.1,55.3,11.35,1.6,3.67,4.18,4.37,4.32,157,24.2,0.388,88,70,303,23.1,20.31,2.82,23.13,2.03,3.51,0.2,13.74,-10.03,3.71,1,2.83,0.88,1,2,1,4.6,70000
신성현,2016,한화,3B,184,758,4.12,25.7,25.4,25,23.9,60.7,39.3,45.1,28.8,65.8,60.3,36.5,45,9,16.7,250,24,9.6,184,158,30,44,8,0,8,76,24,0,4,15,5,0,54,3,6,0,0.278,0.36,0.481,0.841,0.363,100.6,0.38,0.48,4.35,8.2,29.4,0.28,0.203,0.081,0.375,3.1,0,0.363,26.5,5.63,0.7,0.36,25.9,5.51,0.2,100.6,0,-1.8,-2.2,-4,-1.5,-0.4,-1.9,-5.5,-5.9,10.5,4.6,11.24,-0.5,0.77,0.41,0.38,0.24,54,29.4,0.192,24,16,122,13.1,0.61,0.51,1.12,0.1,0.43,0.06,3.62,-3.14,0.48,1.04,0.41,0.05,21,0,0,0,5700
이성열,2016,한화,LF,219,814,3.72,17.2,29,27.1,26.7,63.5,36.5,52.6,42,65,57.2,35.6,55,7,11.3,190,20,10.5,219,198,29,57,7,3,10,100,29,0,0,11,8,0,62,3,2,0,0.288,0.35,0.505,0.855,0.374,107.5,0.81,0.53,4.57,5,28.3,0.18,0.217,0.062,0.373,4.2,0,0.374,33.6,6.22,2.9,0.371,33,6.1,2.3,107.5,2.1,0.2,-1.1,1.3,-0.3,-2.4,-2.7,1,-1.4,12.5,11.1,11.27,-0.1,1.1,1.03,0.81,0.79,67,30.6,0.246,29,19,138,13.8,6.81,1.09,7.91,0.69,0.43,0.1,4.52,-3.99,0.53,1.07,1.4,-0.91,30,0,0,0,23000
로사리오,2016,한화,1B,532,1922,3.61,25.3,17.9,22.5,34.3,61.5,38.5,45.9,25.9,76,69.5,34.2,70,20,22.2,812,76,9.4,532,492,78,158,31,2,33,292,120,1,3,33,4,3,90,16,1,2,0.321,0.367,0.594,0.961,0.411,131,3.01,3.53,6.2,6.2,16.9,0.37,0.272,0.046,0.337,2.5,1.94,0.411,99.7,7.56,25.2,0.407,97.7,7.41,23.1,131,22.7,-0.8,0.1,22.1,-1.3,-13,-14.3,20.7,7.7,30.4,38.1,11.39,0.7,4.21,4.15,3.01,2.89,165,31,0.348,120,87,413,21.1,39.92,-1.39,38.53,3.38,3.64,-0.11,13.18,-9.65,3.53,1.05,3.78,-0.41,6,0,0,5.56,150000
송광민,2016,한화,3B,494,1733,3.51,16.4,17.9,33.4,32.4,67.1,33,56.1,47.6,78.6,74.7,33.9,69,17,19.8,352,33,9.4,494,449,80,146,27,2,17,228,83,3,0,28,4,0,86,16,7,6,0.325,0.366,0.508,0.873,0.381,112.3,2.95,2,3.44,5.7,17.4,0.33,0.183,0.04,0.367,3.8,5.1,0.381,78.9,6.42,9.7,0.378,77.7,6.32,8.5,112.3,8.1,1.1,-0.3,8.9,5.3,1.2,6.5,14.1,15.3,28.2,43.5,11.28,1.4,2.78,2.84,2.95,3.42,139,28.1,0.328,83,66,321,20.6,24.75,1.59,26.33,2.31,1.84,0.16,10.3,-8.3,2,1.03,2.66,-0.71,2,0,0,0,20000
김준완,2016,NC,CF,325,1465,4.51,45.9,7.7,23,23.5,56.7,43.3,30.7,15.7,85.8,75.8,42.5,37,25,40.3,365,19,5.2,325,253,60,66,7,1,1,78,12,2,5,66,2,0,62,4,2,1,0.261,0.416,0.308,0.724,0.36,102.6,1.18,0.38,0.31,20.3,19.1,1.07,0.047,0.155,0.34,4.2,1.33,0.36,45.7,6.2,0.2,0.363,46.7,6.34,1.2,102.6,0.9,-1.6,-0.5,-1.2,0.1,-0.7,-0.6,-1,-1.8,18.5,16.8,11.25,-0.2,1.44,1.25,1.18,1.2,80,24.6,0.179,12,11,136,8.1,0.72,-0.72,0,0,0.38,0,4.73,-4.34,0.38,0.89,0.75,-0.33,7,0,0,0,7000
이종욱,2016,NC,CF,517,2171,4.2,29.7,10.3,30.8,29.3,61.1,38.9,43,22.8,85.4,82.3,35.7,52,21,28.8,598,50,8.4,517,453,73,138,24,4,5,185,57,15,3,54,1,0,73,11,4,5,0.305,0.376,0.408,0.785,0.361,104.1,2.54,1.21,0.97,10.4,14.1,0.74,0.104,0.072,0.35,5.8,7.5,0.361,73.1,5.84,0.7,0.366,75.4,6.02,2.9,104.1,2.6,2.1,1.2,5.9,-3,-1.6,-4.5,2.9,1.3,29.5,30.8,11.31,0.1,2.38,2.67,2.54,2.27,129,25,0.315,57,52,282,18.4,7.42,2.03,9.45,0.83,0.92,0.29,9.04,-7.83,1.21,0.94,1.08,0.21,7,0,3,3.18,50000
박석민,2016,NC,3B,506,2096,4.14,26.3,15.4,31.5,26.9,60.2,39.8,44.4,35.6,79.1,75.9,41.5,75,20,21.1,602,62,10.3,506,427,77,131,20,0,32,247,104,2,0,56,16,2,95,18,2,4,0.307,0.404,0.578,0.982,0.424,144.1,4.78,2.16,6.32,11.1,18.8,0.59,0.272,0.097,0.326,1.8,3.77,0.424,100.5,8.48,29.6,0.427,102.2,8.62,31.3,144.1,30.9,0.9,-1.5,30.4,-10.6,0.3,-10.3,19.8,20.1,28.9,48.9,11.49,1.7,4.8,4.75,4.78,3.85,169,33.4,0.354,104,72,305,23.6,31.57,2.53,34.1,2.99,1.82,0.35,10.1,-7.94,2.16,1,3.79,-1.62,5,0,1,0,75000
김성욱,2016,NC,CF,348,1366,3.93,25.7,14.3,30.7,29.3,62.7,37.3,46.6,33.1,80.8,75.9,35.6,42,22,34.4,470,38,8.1,348,306,60,81,15,1,15,143,51,5,2,30,3,0,64,15,7,2,0.265,0.334,0.467,0.802,0.348,94.9,1.23,0.57,4.31,8.6,18.4,0.47,0.203,0.07,0.288,3.7,7.5,0.348,45.1,4.85,-3.7,0.352,46.3,4.98,-2.5,94.9,-2.7,0.3,1.5,-0.9,1.7,-1.6,0.1,0.8,-0.8,19.9,19,11.25,-0.1,1.21,1.37,1.23,1.38,100,28.7,0.318,51,36,222,16.2,1.44,1.1,2.53,0.22,0.5,0.07,6.49,-5.92,0.57,0.93,0.83,-0.22,11,0,1,3.8,10000
손시헌,2016,NC,SS,403,1513,3.75,27.8,11.3,28.8,32.1,62.6,37.4,45.2,23.1,84.4,81.5,39.9,36,12,25,365,33,9,403,341,36,104,21,2,5,144,39,1,0,38,13,0,48,13,10,1,0.305,0.394,0.422,0.817,0.371,110.3,2.73,1.81,1.24,9.4,11.9,0.79,0.117,0.089,0.343,2.5,1.67,0.371,60.8,6.29,4.3,0.375,62.3,6.44,5.8,110.3,5.5,0.7,0.6,6.8,9.3,5,14.3,16.1,21.1,23,44,11.25,1.9,2.17,2.28,2.73,3.55,110,27.3,0.311,39,34,228,14.9,1.44,1.37,2.82,0.25,1.75,0.06,7.16,-5.36,1.81,0.88,0.73,1.33,1,0,0,5.56,40000
모창민,2016,NC,3B,147,527,3.59,19.7,17.6,29.6,33.1,64.7,35.3,52,42.9,78.1,74.2,38.8,18,6,25,173,17,9.8,147,133,16,44,8,0,5,67,20,3,2,9,1,0,24,7,1,3,0.331,0.37,0.504,0.874,0.384,118.4,1,0.46,3.4,6.1,16.3,0.38,0.173,0.039,0.365,1.9,3.75,0.384,23.9,6.32,3.3,0.388,24.4,6.46,3.8,118.4,3.7,-0.2,1.5,5,0.8,-0.6,0.2,5.8,5.2,8.4,13.6,11.31,0.5,0.94,1.05,1,1.07,44,29.9,0.29,20,15,87,17.2,-1.86,-0.24,-2.09,-0.18,0.54,-0.07,2.64,-2.18,0.46,0.94,0.78,-0.29,24,0,0,3.23,11700
이호준,2016,NC,DH,472,1957,4.15,32.7,14.3,24.8,28.2,59.3,40.7,39.9,25.2,78.8,78.8,32.8,64,14,18,756,49,6.5,472,399,46,119,20,0,21,202,87,3,2,65,2,6,78,11,2,4,0.298,0.396,0.506,0.902,0.396,125.7,1.71,3.17,4.45,13.8,16.5,0.83,0.208,0.097,0.322,1.9,5.25,0.396,81.9,7.4,15.8,0.399,83.2,7.51,17,125.7,16.7,0.1,-4.3,12.5,0,-15.4,-15.4,12.5,-2.9,26.9,24,11.34,-0.3,3.44,3.07,1.71,1.71,151,32,0.342,87,66,292,22.6,29.78,-0.01,29.77,2.61,3.15,0.02,10.66,-7.49,3.17,1.03,2.15,0.93,6,0,0,0,75000
박민우,2016,NC,2B,515,2099,4.08,33.2,8.8,27.7,30.4,59.9,40.1,40.1,19.8,86.8,80.3,38.3,50,20,28.6,612,50,8.2,515,435,84,149,16,6,3,186,55,20,6,55,8,1,70,9,10,7,0.343,0.42,0.428,0.847,0.387,122.1,4.09,2.5,0.58,10.7,13.6,0.79,0.085,0.077,0.396,6.7,5.22,0.387,85.2,7.24,13.1,0.393,88.1,7.48,16,122.1,15.6,1.7,3.4,20.6,-0.9,1.5,0.6,19.7,21.3,29.4,50.6,11.39,1.9,3.51,3.96,4.09,4.01,138,26.8,0.434,55,52,270,19.3,26.85,4.88,31.73,2.78,2,0.5,9.33,-6.83,2.5,0.95,2.6,0.03,5,0,3,0.79,25000
조영훈,2016,NC,1B,207,793,3.83,18.8,23.6,28.6,29,60.9,39.1,49.4,42.5,70.9,68.2,41.6,37,6,14,249,26,10.4,207,179,29,60,14,0,5,89,35,3,3,21,3,1,43,2,1,3,0.335,0.408,0.497,0.905,0.404,131.7,1.18,0.5,2.42,10.1,20.8,0.49,0.162,0.073,0.41,3.4,3.75,0.404,37.5,7.9,8.5,0.408,38.2,8.06,9.2,131.7,9.1,-0.7,-1.1,7.3,1.8,-3.7,-1.9,9.1,5.4,11.8,17.2,11.3,0.5,1.66,1.51,1.18,1.34,73,35.3,0.339,35,30,143,21,12.61,1.3,13.91,1.22,0.49,0,3.63,-3.13,0.5,0.93,1.71,-1.17,46,0,0,0,15000
나성범,2016,NC,RF,653,2478,3.8,16.6,20.2,34.7,28.6,62.3,37.7,51.9,43.6,75.8,71.1,36.9,110,26,19.1,560,73,13,653,572,116,177,37,2,22,284,113,7,4,67,9,2,136,4,1,4,0.309,0.388,0.497,0.885,0.395,125.9,4.42,1.93,3.37,10.3,20.8,0.49,0.187,0.079,0.371,4.9,10.62,0.395,112.6,7.45,21.1,0.399,115.2,7.62,23.7,125.9,23.2,0.1,3.5,26.8,4.9,-7.5,-2.5,31.7,24.3,37.3,61.5,11.37,2.1,4.76,5.08,4.42,4.86,218,33.4,0.32,113,91,438,20.8,37.7,0.27,37.97,3.33,1.89,0.04,12.23,-10.3,1.93,0.98,3.37,-1.39,1,1,0,2.82,35000
김선민,2016,kt,2B,63,290,4.6,36.4,12.1,28.5,23,56.9,43.1,36.2,15.9,81,73.6,45.9,10,4,28.6,173,12,6.9,63,50,7,11,0,0,0,11,2,3,1,10,1,0,14,3,2,0,0.22,0.361,0.22,0.581,0.296,57.1,-0.04,-0.21,0,15.9,22.2,0.71,0,0.141,0.306,2.9,0,0.296,5.2,3.1,-3.7,0.294,5,3.03,-3.8,57.1,-3.8,0.2,0.2,-3.4,-0.7,0.1,-0.6,-4.1,-4.1,3.6,-0.5,11.2,-0.4,-0.08,-0.04,-0.04,-0.1,19,30.2,0.25,2,2,40,5,-5.26,0.37,-4.9,-0.43,-0.19,-0.02,0.94,-1.15,-0.21,1.24,-0.26,0.09,9,0,0,0,3000
박경수,2016,kt,2B,476,2022,4.25,29,16.1,27.5,27.5,58.5,41.5,41.5,22.7,77.4,77.6,39.8,60,20,25,594,65,10.9,476,402,64,126,22,1,20,210,80,3,1,65,5,2,80,9,0,4,0.313,0.412,0.522,0.934,0.415,135,4.04,2.22,4.2,13.7,16.8,0.81,0.209,0.098,0.346,3.1,5.22,0.415,90.9,8.46,24.2,0.413,90.1,8.39,23.4,135,23,0.7,-1.1,22.6,4.7,0.8,5.5,27.3,28.1,27.2,55.2,11.37,2.5,4.01,3.97,4.04,4.45,148,31.1,0.325,80,60,280,21.4,29.47,1.24,30.72,2.69,2.16,0.06,10.22,-8,2.22,1.05,2.57,-0.44,5,1,2,0,23000
박용근,2016,kt,3B,86,350,4.07,29.9,15.7,24.5,29.9,58.3,41.7,40.9,36.1,77.6,78.7,39,11,3,21.4,151,9,6,86,74,5,17,4,1,1,26,6,0,1,11,0,0,14,1,0,1,0.23,0.326,0.351,0.677,0.316,71,-0.02,-0.1,1.16,12.8,16.3,0.79,0.122,0.096,0.267,4.1,0,0.316,8.6,3.88,-3.4,0.315,8.6,3.85,-3.5,71,-3.6,-0.4,-0.6,-4.6,-3.5,0.3,-3.2,-8.2,-7.8,4.9,-2.9,11.24,-0.7,0.04,-0.05,-0.02,-0.34,26,30.2,0.15,6,5,49,10.2,-2.09,0.45,-1.64,-0.14,-0.14,0.04,1.27,-1.37,-0.1,0.95,0.04,-0.14,0,0,0,0,3800
김사연,2016,kt,RF,63,247,3.92,20,18.1,32.3,29.7,62.8,37.3,50.2,33.3,77.4,79.2,32.4,9,1,10,70,9,12.9,63,56,6,14,1,0,0,15,4,1,2,7,0,0,10,3,0,0,0.25,0.333,0.268,0.601,0.298,58.8,-0.15,-0.28,0,11.1,15.9,0.7,0.018,0.083,0.304,2,0,0.298,5.3,3.04,-3.5,0.296,5.2,2.98,-3.6,58.8,-3.7,-0.7,0.4,-4,0.2,-0.6,-0.4,-3.7,-4.3,3.6,-0.7,11.11,-0.4,-0.07,-0.09,-0.15,-0.13,13,20.6,0.308,4,4,37,10.8,-3.55,-0.61,-4.16,-0.36,-0.22,-0.05,0.81,-1.08,-0.28,0.91,-0.27,-0.03,1,0,0,0,4000
유한준,2016,kt,RF,460,1799,3.91,32.2,6.8,27.4,33.6,61.3,38.7,41.6,23.5,90,87.1,35.2,27,13,32.5,579,41,7.1,460,408,70,137,22,0,14,201,64,4,1,47,2,1,40,10,0,3,0.336,0.404,0.493,0.897,0.405,128.6,3.29,3.42,3.04,10.2,8.7,1.18,0.157,0.069,0.345,3.3,6.22,0.405,83.5,7.91,19,0.403,82.9,7.85,18.4,128.6,18.1,0.8,2.8,21.8,1.7,-6.1,-4.4,23.5,17.3,26.2,43.6,11.39,1.5,3.5,3.83,3.29,3.44,140,30.4,0.319,64,50,270,18.5,26.51,1.74,28.24,2.48,3.2,0.22,9.62,-6.2,3.42,0.98,2.87,0.61,1,0,0,2.68,60000
윤요섭,2016,kt,C,149,555,3.73,29.6,15.6,24.3,30.5,60.2,39.8,42.3,28.2,77.9,73.6,32.6,20,4,16.7,204,11,5.4,149,126,14,30,6,0,6,54,16,1,1,20,3,1,24,7,0,0,0.238,0.356,0.429,0.784,0.355,96,0.46,0.17,4.03,13.4,16.1,0.83,0.191,0.118,0.25,1.1,1.71,0.355,20.3,5.26,-0.6,0.353,20,5.2,-0.8,96,-0.9,-0.2,-1.1,-2.2,-2.3,0.4,-1.9,-4.5,-4.1,8.5,4.4,11.26,-0.4,0.54,0.43,0.46,0.25,50,33.6,0.205,16,10,99,10.1,-1.98,0.8,-1.19,-0.1,0.11,0.06,3.12,-2.96,0.17,1.09,0.2,-0.05,33,0,0,0,5600
유민상,2016,kt,1B,254,1061,4.18,30.1,12.6,29.4,27.9,61.2,38.8,42.8,24.4,81.9,80.9,35.1,27,12,30.8,254,22,8.7,254,213,30,60,12,1,4,86,37,1,1,25,9,0,39,8,3,4,0.282,0.375,0.404,0.778,0.357,97.6,0.55,0.44,1.58,9.8,15.4,0.64,0.122,0.093,0.322,2.7,1.6,0.357,35,5.6,-0.6,0.356,34.8,5.55,-0.8,97.6,-1,0,0.3,-0.7,-3.5,-5,-8.5,-4.2,-9.3,14.5,5.2,11.28,-0.8,0.97,0.99,0.55,0.24,78,30.7,0.312,37,33,142,23.2,3.05,1.62,4.66,0.41,0.38,0.06,4.51,-4.06,0.44,0.99,0.66,-0.21,22,0,0,6.35,4500
전민수,2016,kt,RF,240,939,3.91,28.8,13.5,28.8,28.9,62.9,37.1,44.8,35,81,73.4,42.5,21,25,54.4,190,19,10,240,213,31,65,14,1,3,90,29,5,2,19,4,0,46,4,4,0,0.305,0.373,0.423,0.795,0.361,100.2,0.7,0.8,1.25,7.9,19.2,0.41,0.117,0.068,0.378,4.5,3.75,0.361,34.1,5.82,0.4,0.36,33.7,5.76,0.1,100.2,-0.1,0.3,-0.6,-0.4,3.6,-2.9,0.6,3.2,0.2,13.7,13.9,11.22,0,0.99,0.96,0.7,1.02,54,22.5,0.362,29,26,139,18.7,12.76,0.19,12.96,1.14,0.8,0,4.43,-3.64,0.8,0.93,0.77,0.08,17,2,0,3.45,5000
오정복,2016,kt,LF,344,1333,3.88,32.3,8.4,26.1,33.1,64.3,35.7,43.5,18.6,87.6,86.8,30.8,27,5,15.6,428,32,7.5,344,306,45,93,11,2,5,123,36,1,0,28,0,1,32,5,6,4,0.304,0.358,0.402,0.76,0.343,88.3,0.67,0.23,1.45,8.1,9.3,0.88,0.098,0.054,0.322,4.1,1.67,0.343,43,5.09,-5.2,0.341,42.6,5.04,-5.7,88.3,-5.9,0.6,0.4,-5,-5.1,-3.7,-8.8,-10.1,-13.8,19.6,5.8,11.26,-1.2,0.91,0.99,0.67,0.21,100,29.1,0.313,36,31,188,16.5,-3.69,0.98,-2.71,-0.24,0.12,0.11,5.73,-5.5,0.23,1.05,0.36,-0.14,15,0,0,8.89,7000
이대형,2016,kt,CF,654,2414,3.69,17.8,12.2,37.3,32.7,65.7,34.3,54,47.7,85.1,81,34.6,65,25,27.8,540,54,10,654,600,89,192,14,3,1,215,42,37,20,44,2,0,90,6,7,1,0.32,0.368,0.358,0.726,0.341,86.9,1.75,0.25,0.15,6.7,13.8,0.49,0.038,0.048,0.375,5.9,1.95,0.341,80.7,4.93,-10.9,0.339,79.6,4.86,-12,86.9,-12.5,-1.7,3.4,-10.8,-12.8,-0.2,-13,-23.6,-23.8,37.3,13.5,11.27,-2.1,1.61,1.77,1.75,0.61,141,21.6,0.315,42,41,281,14.6,-8.81,1.26,-7.55,-0.66,0.13,0.12,10.72,-10.47,0.25,0.97,0.02,0.23,3,0,0,1.16,30000
