name,Year,Team,P,P/PA,BatSwing_percent,contact_percent,BattingchanceSwing%,PA,AB,R,TB,RBI,AVG,OBP,SLG,wOBA,WAR,WPA,IsoP,IsoD,BIPA,Spd,PSN,wRC+,RAA-Adj,RP_Run,RAR,WAA,Chance_hit_per,RE24,WPA,PoilOut,PoilMissing,PoilOut%,salary
최승준,2016,SK,1B,4.19,48.8,67,6.8,231,199,31,115,42,0.266,0.364,0.578,0.401,0.8,0.52,0.312,0.097,0.296,1.1,0,124.5,1.7,13.2,9.3,-0.3,0.188,3.12,0.52,0,1,0,6200
김민식,2016,SK,C,4.12,41,78.4,5.8,170,144,17,52,14,0.257,0.359,0.361,0.335,0.64,-0.05,0.104,0.102,0.337,2.7,1.33,85.2,-3.2,9.7,9.9,0,0.308,-5.68,-0.05,0,0,0,6000
최정,2016,SK,3B,4.04,46.7,74.7,10.7,606,500,106,290,106,0.288,0.403,0.58,0.425,5.82,3.24,0.292,0.115,0.306,3.1,1.95,140.7,31.9,34.6,68.6,3,0.278,47.88,3.24,0,0,0.81,120000
박재상,2016,SK,LF,3.93,42.8,83.7,7.8,288,255,37,110,35,0.298,0.363,0.431,0.357,0.49,0.31,0.133,0.065,0.327,3.1,4,98.9,-9.4,16.4,3.9,-1.1,0.339,-0.9,0.31,0,0,0,25000
나주환,2016,SK,1B,3.83,50.2,79.2,10,65,57,13,39,12,0.386,0.436,0.684,0.462,0.57,0.28,0.298,0.05,0.37,2.4,0,164.4,1.1,3.7,4.3,0,0.417,5,0.28,0,0,0,15000
이재원,2016,SK,C,3.66,48.6,81.2,8.5,472,411,49,179,64,0.29,0.364,0.436,0.359,1.93,0.51,0.146,0.074,0.318,1.6,1.88,99.4,-8,26.9,26.3,-0.1,0.25,4.84,0.51,0,0,0,35000
고메즈,2016,SK,SS,3.6,52,76.5,8.2,492,456,74,223,62,0.283,0.325,0.489,0.353,2.19,-0.08,0.206,0.042,0.307,4.3,18.16,95.5,-2.3,28.1,30.7,0.2,0.297,0.22,-0.08,0,0,5.71,65000
김동엽,2016,SK,DH,3.37,59.2,66.6,12.5,150,143,19,74,23,0.336,0.36,0.517,0.388,0.56,0.24,0.182,0.024,0.433,2.8,3,118.6,1.7,8.6,6.7,-0.2,0.29,5.91,0.24,1,1,0,4700
박정권,2016,SK,1B,3.81,47.6,74.7,11,468,422,59,194,59,0.277,0.337,0.46,0.353,0.84,1.68,0.183,0.06,0.32,4.8,6.55,95.5,7.5,26.7,25.1,-0.1,0.243,5.38,1.68,0,0,0,40000
최정민,2016,SK,2B,3.63,54.4,75.1,16.8,177,155,29,57,11,0.329,0.386,0.368,0.347,0.63,0.16,0.039,0.057,0.472,6.3,0,94.3,-2.8,10.1,6.7,-0.3,0.293,4.49,0.16,0,0,3.23,5500
김재현,2016,넥센,C,4.16,41.4,78.7,10.1,82,72,8,15,8,0.181,0.263,0.208,0.231,-0.31,-0.13,0.028,0.082,0.224,2.8,0,14.9,-10,4.7,-3.2,-0.7,0.313,-3.45,-0.13,0,0,0,5300
정의윤,2016,SK,RF,3.48,53.1,82,7,616,576,68,294,100,0.311,0.347,0.51,0.375,2,3.19,0.2,0.037,0.318,2.3,3.72,109.8,2.6,35.1,26.4,-0.8,0.299,19.71,3.19,0,0,0,30000
김성현,2016,SK,2B,3.29,48,89,7.8,530,479,66,205,65,0.319,0.366,0.428,0.36,2.29,1.49,0.109,0.046,0.329,2.8,4.36,100.8,2.5,30.2,35.1,0.4,0.322,5.37,1.49,0,0,0,28000
김원섭,2016,KIA,RF,4.16,32.1,81.7,4.9,90,73,10,21,12,0.219,0.348,0.288,0.311,0.08,0.38,0.069,0.129,0.276,2.8,0,67.8,-3.5,5.1,1,-0.4,0.3,2.05,0.38,0,0,4.76,9000
노수광,2016,KIA,RF,3.95,45.7,81.8,6,238,207,43,84,30,0.309,0.373,0.406,0.347,0.91,0.01,0.097,0.064,0.382,7.7,6,90.9,5.6,13.6,17.7,0.4,0.413,7.3,0.01,2,1,0,6800
신종길,2016,KIA,RF,3.83,47.8,82,10.5,240,213,34,83,12,0.31,0.385,0.39,0.364,0.76,0.25,0.08,0.075,0.399,6.5,1.75,102,-2.2,13.7,9,-0.4,0.25,0.44,0.25,0,0,0,9800
김주형,2016,KIA,SS,3.76,45.2,82.5,9.7,387,345,43,172,49,0.281,0.355,0.499,0.376,2.17,0.05,0.217,0.074,0.287,2.3,1.9,110.4,1.1,22.1,22.2,0,0.244,3.57,0.05,0,0,7.46,11000
나지완,2016,KIA,DH,4.18,39.7,74.9,9,486,380,84,217,90,0.308,0.451,0.571,0.45,3.94,3.83,0.263,0.143,0.342,4.1,9.68,158,34.5,27.7,46.9,1.7,0.304,54.47,3.83,0,1,0,60000
서동욱,2016,KIA,2B,4.09,46.1,75.5,10.7,485,411,73,204,67,0.292,0.386,0.496,0.389,3.13,3.07,0.204,0.094,0.359,5.1,11.52,118.1,6.9,27.7,34.9,0.6,0.308,24.9,3.07,0,2,5.21,15000
이진영,2016,kt,DH,3.59,42.1,87.7,8,424,371,49,178,72,0.332,0.403,0.48,0.4,1.66,1.63,0.148,0.072,0.351,2.3,3.33,125.2,9.7,24.2,21.7,-0.2,0.333,18.28,1.63,0,0,0,40000
윤정우,2016,KIA,RF,3.89,52,81.9,7,82,67,20,31,13,0.299,0.4,0.463,0.385,0.46,0.05,0.164,0.101,0.353,5,3,115.4,1.7,4.7,5.4,0.1,0.357,8.5,0.05,2,0,0,4000
이범호,2016,KIA,3B,3.8,45.4,82.9,7.7,560,484,93,272,108,0.31,0.391,0.562,0.411,4.36,3.95,0.252,0.081,0.292,2.3,1.94,132.9,24.7,31.9,58,2.3,0.314,28.92,3.95,0,2,0,65000
김주찬,2016,KIA,LF,3.56,50,81.5,7.5,555,511,97,289,101,0.346,0.386,0.566,0.415,4.12,3.62,0.219,0.04,0.362,4.5,12.94,135.8,30.2,31.7,54,2,0.421,34.54,3.62,0,0,4.72,60000
최재원,2016,삼성,3B,4.06,41.8,74.7,4.5,105,81,20,42,16,0.333,0.456,0.519,0.432,1.15,0.96,0.185,0.123,0.371,3.6,3.43,146.5,9.3,6,15.1,0.8,0.391,8.84,0.96,0,0,2.38,6500
최형우,2016,삼성,LF,3.94,42,80.7,9.2,618,519,99,338,144,0.376,0.464,0.651,0.48,7.75,5.5,0.276,0.089,0.398,3,3.76,177.8,69.4,35.3,97.7,5.4,0.38,85.74,5.5,0,0,4.48,150000
박해민,2016,삼성,CF,3.82,45.9,86.2,7.2,641,564,109,231,61,0.3,0.357,0.41,0.339,2.19,1.06,0.11,0.057,0.347,8.3,7.43,86.5,6.2,36.6,42.4,0.5,0.299,1.7,1.06,2,4,4.29,23000
이영욱,2016,삼성,CF,3.69,53.7,62.1,6.3,52,49,16,12,4,0.163,0.212,0.245,0.214,-0.29,-0.57,0.082,0.048,0.259,5.4,1.71,4.9,-3.3,3,-0.9,-0.3,0.143,-5.37,-0.57,0,1,0,6500
백상원,2016,삼성,2B,3.65,44.2,86.2,10.3,517,445,60,162,49,0.288,0.361,0.364,0.335,1.36,0.45,0.076,0.073,0.329,4.3,4.36,83.9,-8,29.5,23.5,-0.5,0.312,-3.16,0.45,0,0,2.99,9000
김태완,2016,한화,,4.46,48.6,63.5,27.8,24,20,3,10,0,0.35,0.458,0.5,0.441,0.25,-0.13,0.15,0.108,0.583,4.8,0,152.9,2.5,1.4,3.7,0.2,0.238,-4.52,-0.37,0,0,0,5000
성의준,2016,삼성,3B,3.52,50.6,70.7,8.3,23,20,2,6,2,0.15,0.261,0.3,0.263,-0.06,0.04,0.15,0.111,0.133,2.4,0,36.8,-1.8,1.3,-0.3,-0.1,0.2,-0.81,0.04,0,0,0,3500
우동균,2016,삼성,RF,4.5,38.5,85.2,7.8,82,68,14,22,10,0.221,0.333,0.324,0.309,-0.04,0.38,0.103,0.113,0.228,3.8,0,67.1,-1.9,4.7,2,-0.2,0.286,1.09,0.38,0,1,0,5500
박한이,2016,삼성,RF,4.21,43.5,79.2,8.6,401,349,57,168,69,0.301,0.372,0.481,0.374,1.57,3.4,0.181,0.071,0.341,3,1.87,109.2,2.2,22.9,20.7,-0.2,0.333,26.71,3.4,0,1,2.33,45000
배영섭,2016,삼성,RF,4.1,36.1,89.7,7.9,381,323,53,115,22,0.266,0.374,0.356,0.348,0.71,-0.59,0.09,0.107,0.295,2.9,4.44,92.5,-5.8,21.7,13.8,-0.7,0.189,-3.72,-0.59,0,0,4.3,15000
조동찬,2016,삼성,3B,3.99,49.6,72.2,12.2,282,247,32,111,36,0.275,0.348,0.449,0.354,0.79,0.62,0.174,0.072,0.33,2.4,0,95.6,-9,16.1,8.3,-0.7,0.222,0.58,0.62,0,0,4.55,40000
구자욱,2016,삼성,1B,3.9,43.4,82.1,10.1,495,428,105,234,77,0.343,0.42,0.547,0.427,3.96,4.99,0.203,0.076,0.379,6.9,11.67,142.5,33.3,28.2,52.6,2.1,0.352,51.68,4.99,0,3,4.32,16000
이승엽,2016,삼성,DH,3.86,47,78.9,9.2,623,542,91,281,118,0.303,0.38,0.518,0.396,2.62,2.49,0.216,0.078,0.316,4.1,8.44,123.1,21.1,35.5,36.3,0.1,0.328,44.83,2.49,0,1,2.1,100000
김정혁,2016,삼성,3B,3.81,46.4,75.1,6.7,118,106,13,34,11,0.236,0.299,0.321,0.288,-0.19,-0.88,0.085,0.063,0.288,4.3,1.33,53.1,-8.6,6.7,-2,-0.8,0.154,-6.47,-0.88,0,0,2.78,4300
나성용,2016,삼성,DH,3.69,52.1,56,9.1,13,12,1,2,0,0.167,0.231,0.167,0.203,-0.13,-0.26,0,0.064,0.286,3.1,0,-1.7,-1.8,0.7,-1.4,-0.2,0,-2.87,-0.26,0,0,0,3900
이상훈,2016,삼성,RF,3.64,66.7,76.5,9.1,14,12,0,1,0,0.083,0.083,0.083,0.067,-0.29,-0.42,0,0,0.125,1.9,0,-89.8,-3,0.8,-2.2,-0.3,0,-3.88,-0.42,0,0,0,3600
김상수,2016,삼성,SS,3.57,40.1,87,6.4,401,358,56,119,38,0.271,0.326,0.332,0.304,0.4,-1.19,0.062,0.055,0.294,3.9,4,64.5,-25.9,22.9,2,-1.9,0.236,-15.34,-1.19,1,1,1.19,31000
이지영,2016,삼성,C,3.18,55.8,88.8,9.8,419,390,36,149,50,0.297,0.329,0.382,0.321,0.98,-0.03,0.085,0.031,0.309,2.3,4.2,75.2,-14.6,23.9,17.6,-0.6,0.342,-10.17,-0.03,0,0,8.54,26000
에반스,2016,두산,DH,4.24,42.7,77.1,10.9,481,400,69,226,81,0.308,0.41,0.565,0.425,3.76,3.29,0.258,0.102,0.338,1.7,0,150.6,31,27.4,45.3,1.6,0.266,28.4,3.29,0,0,6.12,68000
김재호,2016,두산,SS,4.11,38,89.6,6.1,496,416,69,183,78,0.31,0.389,0.44,0.374,3.24,2.4,0.13,0.079,0.33,4.8,7.47,110.5,20.1,28.3,54.6,2.3,0.336,15.67,2.4,0,3,5.09,65000
오재원,2016,두산,2B,4.08,41.8,80.1,7.7,484,416,68,148,58,0.272,0.358,0.356,0.334,1.43,0.72,0.084,0.086,0.322,4.3,7.22,84.5,-4.5,27.6,24.8,-0.3,0.33,-5.7,0.72,0,0,2.75,55000
김재환,2016,두산,LF,3.95,46,74,12.1,568,492,107,309,124,0.325,0.407,0.628,0.442,5.75,5.71,0.303,0.081,0.348,5,13.16,162.7,42.9,32.4,67,3,0.313,58.56,5.71,0,0,0,20000
국해성,2016,두산,RF,3.9,47.1,73.4,8.8,174,151,28,65,24,0.278,0.368,0.43,0.365,0.55,0.4,0.152,0.09,0.339,3.7,1.6,107,1.2,9.9,7.9,-0.2,0.378,6.48,0.4,0,0,3.13,5000
박세혁,2016,두산,C,3.72,46.8,76,9.6,210,172,26,58,23,0.209,0.302,0.337,0.281,0.04,-0.36,0.128,0.092,0.248,5,2.86,51.9,-12.9,12,3.5,-0.8,0.148,-4.35,-0.36,0,2,2.86,6000
허경민,2016,두산,3B,3.64,42.1,85.3,7.3,609,538,96,207,81,0.286,0.36,0.385,0.344,1.91,0.46,0.099,0.074,0.31,4.6,6.46,90.5,-16.7,34.7,20.5,-1.3,0.321,21.56,0.46,0,0,4.11,30000
류지혁,2016,두산,SS,3.55,50.6,74.7,8.3,134,118,34,48,9,0.288,0.356,0.407,0.346,0.73,0.02,0.119,0.068,0.352,5.1,3,94,6.5,7.6,15,0.7,0.296,0.62,0.02,0,0,0,5700
김동한,2016,롯데,2B,3.82,50.7,83.9,6.1,96,88,6,28,12,0.261,0.309,0.318,0.29,0.05,0.14,0.057,0.047,0.319,3.9,0,56,-10.1,5.5,0.3,-0.5,0.25,-3.94,0.14,0,1,0,3800
오재일,2016,두산,1B,4.08,45.7,79.9,8.3,455,380,69,225,92,0.316,0.411,0.592,0.43,4.03,4.67,0.276,0.095,0.324,3.6,1.93,154.4,33,26,50,2.1,0.295,48.53,4.67,0,0,0,19800
최주환,2016,두산,2B,4,43.5,88.3,6,182,160,21,62,22,0.281,0.339,0.388,0.328,0.16,-0.01,0.106,0.058,0.301,2.6,0,80.9,-5.7,10.4,2.7,-0.7,0.382,3.74,-0.01,0,0,2.7,10000
정진호,2016,두산,LF,3.94,42.9,81.5,9.5,32,24,9,11,3,0.375,0.531,0.458,0.473,0.27,0.3,0.083,0.156,0.391,6.8,0,169.9,1.6,1.8,3,0.1,0.333,3.38,0.3,0,1,0,4700
박건우,2016,두산,RF,3.87,47.2,81.5,10.9,540,484,95,266,83,0.335,0.39,0.55,0.411,4.51,2.99,0.215,0.055,0.371,5.9,18.38,137.7,32.8,30.8,58.9,2.5,0.331,34.25,2.99,1,3,6.25,19500
민병헌,2016,두산,RF,3.69,47.8,79.4,9.6,579,511,98,253,87,0.325,0.396,0.495,0.4,4.24,2.84,0.17,0.071,0.368,4.9,11.52,129.5,21.5,33,51.6,1.6,0.357,38.07,2.84,0,2,5.79,55000
양의지,2016,두산,C,3.61,42.5,92.5,8.6,392,332,66,189,66,0.319,0.404,0.569,0.422,4.81,1.96,0.25,0.085,0.292,2.1,3.67,149.6,30.1,22.4,59.5,3.2,0.245,16.13,1.96,0,0,10.81,48000
정훈,2016,롯데,2B,4.18,41.2,83.1,6.7,439,370,48,125,46,0.262,0.362,0.338,0.331,0.73,1.07,0.076,0.1,0.322,3.6,3.11,82.5,-16,25,10.6,-1.3,0.356,-2.31,1.07,0,0,0,15000
손아섭,2016,롯데,RF,4.16,41.7,82.6,7.9,672,575,118,269,81,0.323,0.418,0.468,0.406,5.3,6.03,0.144,0.095,0.372,6.2,23.17,131,34.3,38.3,65.2,2.3,0.331,46.55,6.03,1,6,5.46,65000
강민호,2016,롯데,C,4.06,41.4,76,6.4,460,381,65,209,72,0.323,0.433,0.549,0.434,5,5.06,0.226,0.11,0.377,3.2,6.67,147.7,30.2,26.2,61.8,3.1,0.33,38.41,5.06,0,1,0,100000
전준우,2016,롯데,CF,3.81,38.8,80.2,8.7,113,99,16,38,10,0.253,0.339,0.384,0.333,0.19,0.1,0.131,0.087,0.319,3,2.4,83,-7.5,6.4,-0.7,-0.6,0.259,0.35,0.1,0,0,3.45,20500
김지수,2016,넥센,2B,3.93,38.6,83.2,6.6,106,91,16,40,9,0.286,0.353,0.44,0.345,0.32,0.2,0.154,0.067,0.315,3.2,2.4,88.8,1.4,6,8.1,0.2,0.16,-5.03,0.2,1,0,3.85,6200
최준석,2016,롯데,DH,4.37,35.5,76.4,7.7,396,325,49,152,70,0.262,0.384,0.468,0.381,0.7,1.26,0.206,0.122,0.317,0.7,0,113.9,1.6,22.6,12.2,-0.9,0.263,12.03,1.26,0,1,0,40000
박헌도,2016,롯데,LF,4.07,36.8,70.7,9,82,69,9,34,11,0.261,0.378,0.493,0.39,0.36,0.11,0.232,0.117,0.366,2.6,1.5,118.6,0.4,4.7,3.8,-0.1,0.261,4.01,0.11,0,0,0,5600
김문호,2016,롯데,LF,4.02,44.1,86.4,6.4,599,526,77,226,70,0.325,0.401,0.43,0.384,2.47,1.35,0.105,0.076,0.364,3.8,8.84,117,5.1,34.2,32.4,-0.2,0.305,18.8,1.35,0,0,0,14000
신본기,2016,롯데,SS,3.5,38.7,83.7,4.9,104,81,13,32,10,0.309,0.451,0.395,0.402,0.82,0.52,0.086,0.142,0.353,1.8,0,128.1,5.9,5.9,13.1,0.6,0.308,2.02,0.52,0,0,0,5500
오지환,2016,LG,SS,4.22,43,74.9,10.3,472,393,73,194,78,0.28,0.387,0.494,0.391,4.16,1.98,0.214,0.107,0.32,6.1,18.38,126.6,22.3,26.9,55,2.5,0.266,23.49,1.98,0,0,4.17,35000
문선재,2016,LG,CF,4.02,48.6,73.8,3.4,127,111,28,60,16,0.288,0.344,0.541,0.367,0.79,0.01,0.252,0.056,0.329,7.5,5.83,112.2,7.6,7.2,14.5,0.6,0.226,-0.66,0.01,1,1,10.35,8000
양석환,2016,LG,1B,3.91,50.7,75.8,10.1,215,203,24,86,37,0.276,0.297,0.424,0.315,0.06,0.96,0.148,0.021,0.331,4.9,4,74.9,-2.3,12.3,7,-0.5,0.301,-0.71,0.96,0,0,6.38,9000
박용택,2016,LG,DH,3.89,48.2,82.1,9.1,578,509,84,233,90,0.346,0.412,0.458,0.397,2.96,3.59,0.112,0.066,0.38,3,7.77,126.9,25.4,33,41.9,0.8,0.376,26.38,3.59,0,0,4.29,80000
이병규,2016,LG,LF,4.1,41.8,78.3,10.1,1,1,0,1,0,1,1,1,0.944,0.05,-0.03,0.128,0.116,0.351,4.9,7.47,108.1,0.5,0.1,0.6,0,0.214,11.4,1.14,0,0,0,2700
서상우,2016,LG,DH,4.26,37.7,74.6,8.8,137,111,18,45,12,0.252,0.394,0.405,0.372,0.47,0.41,0.153,0.142,0.343,3.1,1.6,112.9,2.4,7.8,6.8,-0.1,0.2,7.83,0.41,0,0,3.23,5500
정성훈,2016,LG,1B,4.01,45.3,83.2,6.4,418,370,58,161,64,0.322,0.38,0.435,0.369,1.37,0.83,0.114,0.059,0.365,4.1,6.86,107.7,0.8,23.8,16.9,-0.6,0.321,11.8,0.83,0,0,0,30000
이천웅,2016,LG,RF,3.91,43,80.5,8.8,320,276,38,111,41,0.293,0.376,0.402,0.356,0.82,1.13,0.109,0.082,0.338,4,6,100,-5.1,18.3,11,-0.6,0.307,7.35,1.13,0,0,0,9300
손주인,2016,LG,2B,3.86,42.7,88.7,6,409,354,47,146,39,0.322,0.385,0.412,0.36,1.61,0.08,0.09,0.063,0.349,4.5,2.86,100.1,3.4,23.3,28.6,0.5,0.241,0.6,0.08,0,0,0,20000
김용의,2016,LG,CF,3.85,43.1,78.3,11,347,308,62,127,20,0.318,0.388,0.412,0.369,1.8,0.97,0.094,0.07,0.399,7.2,1.9,104.7,7.6,19.8,25.8,0.5,0.29,7.34,0.97,1,2,3.42,12000
채은성,2016,LG,RF,3.79,52.7,78,9.6,451,403,64,179,81,0.313,0.365,0.444,0.365,2.01,2.75,0.132,0.053,0.358,4.9,7.88,105.6,3.6,25.7,24.8,-0.1,0.346,18.55,2.75,0,2,4.95,16000
히메네스,2016,LG,3B,3.67,48.9,84.3,12.4,579,523,101,275,102,0.308,0.363,0.526,0.388,4.85,2.54,0.218,0.055,0.31,4.7,21.27,126.8,31.5,33,66.5,2.9,0.304,25.71,2.54,2,2,6.82,70000
유강남,2016,LG,C,3.63,51.2,80.4,7.5,297,263,28,101,47,0.266,0.321,0.384,0.317,0.78,1.1,0.118,0.055,0.291,1.7,0,76.5,-10.6,16.9,12.7,-0.4,0.317,0.94,1.1,0,1,0,10000
장영석,2016,넥센,1B,4.79,36.7,72.4,2.9,33,26,6,7,3,0.192,0.364,0.269,0.321,0.02,0.14,0.077,0.171,0.313,2.8,0,73.6,-2.1,1.9,-0.6,-0.2,0.182,-0.84,0.14,1,0,14.29,3600
김민성,2016,넥센,3B,4.18,39.8,84.5,7.3,579,510,76,256,90,0.306,0.367,0.502,0.38,3.37,1.81,0.196,0.061,0.334,4.5,8.87,111.6,13.7,33,47.1,1.2,0.298,15.71,1.81,0,0,4.88,37000
윤석민,2016,넥센,DH,4.06,38.3,81.4,8.6,402,341,72,186,80,0.334,0.42,0.545,0.425,2.96,2.11,0.211,0.086,0.342,1.9,3.62,141.6,22.8,22.9,36.6,1.2,0.289,18.31,2.11,0,0,2.15,21000
임병욱,2016,넥센,CF,4,46.3,64.5,8.4,265,233,43,95,24,0.249,0.324,0.408,0.325,0.59,-0.37,0.159,0.075,0.35,6.6,10.88,75.5,-5,15.1,11.3,-0.3,0.197,-7.1,-0.37,2,2,4.92,6500
채태인,2016,넥센,1B,3.94,52.3,73.7,9.2,417,370,29,147,72,0.286,0.345,0.397,0.339,-0.14,1.79,0.111,0.059,0.354,2.4,0,84.1,-10.9,23.8,3.2,-1.8,0.35,13.84,1.79,1,0,4.05,30000
대니돈,2016,넥센,RF,3.91,46.2,75.5,8.6,497,417,65,206,70,0.295,0.399,0.494,0.398,3.03,1.96,0.199,0.104,0.321,2.9,1.88,123.4,22.2,28.4,42.4,1.2,0.297,25.23,1.96,0,1,3.09,65000
이택근,2016,넥센,RF,3.86,40.3,83.9,7.1,460,398,64,168,65,0.309,0.389,0.422,0.374,1.93,1.55,0.113,0.08,0.338,3.7,7.47,107.6,5.4,26.2,24.9,-0.1,0.345,6.45,1.55,1,1,4.26,50000
홍성갑,2016,넥센,LF,3.71,49.6,64,12,68,62,4,16,7,0.226,0.294,0.258,0.271,-0.29,-0.11,0.032,0.068,0.318,4,0,39.8,-5.7,3.9,-2.5,-0.6,0.235,-3.68,-0.11,0,1,0,3600
서건창,2016,넥센,2B,3.61,40,89.7,7,646,560,111,247,63,0.325,0.406,0.441,0.389,4.46,4.17,0.116,0.081,0.351,6.8,11.03,116.6,18.9,36.9,56.9,1.8,0.305,32.86,4.17,1,5,4.55,40000
김하성,2016,넥센,SS,4.12,41.3,83.4,8.9,599,526,92,251,84,0.281,0.359,0.477,0.37,3.81,1.12,0.196,0.077,0.297,6.8,23.33,104.8,8.4,34.2,49.4,1.3,0.315,17.47,1.12,0,7,3.45,22000
유재신,2016,넥센,CF,4,40.9,86,8.7,74,62,20,16,6,0.258,0.361,0.258,0.305,-0.01,-0.41,0,0.103,0.32,6.7,0,62.5,-6.2,4.2,-2.1,-0.6,0.35,-1,-0.41,0,2,0,6500
박정음,2016,넥센,CF,3.98,40.8,82.2,8.6,263,223,45,92,26,0.309,0.395,0.413,0.37,1.1,0.81,0.103,0.086,0.385,6.7,6.4,103.8,0.1,15,14.2,-0.1,0.365,1.78,0.81,1,1,5.2,6600
강지광,2016,넥센,LF,3.86,50.5,63.5,8.3,80,66,10,18,7,0.197,0.317,0.273,0.286,-0.26,-0.48,0.076,0.119,0.286,3.6,1,50.7,-7.1,4.6,-3.1,-0.7,0.15,-6.91,-0.48,1,0,0,3000
고종욱,2016,넥센,LF,3.72,50.7,80.1,8.6,566,527,92,240,72,0.334,0.37,0.455,0.373,2.36,4.38,0.121,0.036,0.399,6.9,12.44,105.4,1.1,32.3,26.9,-0.5,0.409,26.01,4.38,2,4,6.57,12000
박동원,2016,넥센,C,3.65,49.5,68.5,10.1,454,411,44,171,70,0.248,0.304,0.416,0.317,0.85,-1.14,0.168,0.055,0.287,2.3,4.94,71.1,-15.4,25.9,20,-0.5,0.252,-8.47,-1.14,0,0,6.33,20000
김태균,2016,한화,DH,4.26,36.7,82.8,7,652,529,94,301,136,0.365,0.476,0.569,0.463,5.5,7.37,0.204,0.111,0.41,2.3,1.92,165.5,47,37.2,65.9,2.5,0.417,94.19,7.37,0,0,0,160000
이용규,2016,한화,CF,4.13,44,93.5,8.6,530,452,98,196,41,0.352,0.438,0.434,0.404,4.31,3.44,0.082,0.086,0.371,6,5.25,128.1,18.2,30.2,50.4,1.8,0.374,28.46,3.44,0,0,1.38,90000
양성우,2016,한화,RF,3.81,43,85.5,9.5,446,384,52,136,53,0.271,0.347,0.354,0.324,0,0.47,0.083,0.076,0.314,5.3,4.44,76.1,-12.6,25.4,7.8,-1.6,0.318,4.38,0.47,1,0,0,8000
최진행,2016,한화,LF,3.72,41.1,75.4,8.8,85,70,4,28,9,0.329,0.434,0.4,0.389,0.31,0.3,0.071,0.105,0.415,1.4,0,118.2,-0.3,4.8,3.6,-0.1,0.412,1.85,0.3,0,0,0,17000
정근우,2016,한화,2B,3.59,40,85.2,7.6,650,575,121,267,88,0.31,0.381,0.464,0.381,4.37,3.71,0.155,0.071,0.318,5.5,19.8,112.5,16,37.1,55.3,1.6,0.388,23.13,3.71,2,1,4.6,70000
신성현,2016,한화,3B,4.12,45.1,65.8,9.6,184,158,30,76,24,0.278,0.36,0.481,0.363,0.38,0.48,0.203,0.081,0.375,3.1,0,100.6,-5.5,10.5,4.6,-0.5,0.192,1.12,0.48,0,0,0,5700
이성열,2016,한화,LF,3.72,52.6,65,10.5,219,198,29,100,29,0.288,0.35,0.505,0.374,0.81,0.53,0.217,0.062,0.373,4.2,0,107.5,1,12.5,11.1,-0.1,0.246,7.91,0.53,0,0,0,23000
로사리오,2016,한화,1B,3.61,45.9,76,9.4,532,492,78,292,120,0.321,0.367,0.594,0.411,3.01,3.53,0.272,0.046,0.337,2.5,1.94,131,20.7,30.4,38.1,0.7,0.348,38.53,3.53,0,0,5.56,150000
송광민,2016,한화,3B,3.51,56.1,78.6,9.4,494,449,80,228,83,0.325,0.366,0.508,0.381,2.95,2,0.183,0.04,0.367,3.8,5.1,112.3,14.1,28.2,43.5,1.4,0.328,26.33,2,0,0,0,20000
김준완,2016,NC,CF,4.51,30.7,85.8,5.2,325,253,60,78,12,0.261,0.416,0.308,0.36,1.18,0.38,0.047,0.155,0.34,4.2,1.33,102.6,-1,18.5,16.8,-0.2,0.179,0,0.38,0,0,0,7000
이종욱,2016,NC,CF,4.2,43,85.4,8.4,517,453,73,185,57,0.305,0.376,0.408,0.361,2.54,1.21,0.104,0.072,0.35,5.8,7.5,104.1,2.9,29.5,30.8,0.1,0.315,9.45,1.21,0,3,3.18,50000
박석민,2016,NC,3B,4.14,44.4,79.1,10.3,506,427,77,247,104,0.307,0.404,0.578,0.424,4.78,2.16,0.272,0.097,0.326,1.8,3.77,144.1,19.8,28.9,48.9,1.7,0.354,34.1,2.16,0,1,0,75000
김성욱,2016,NC,CF,3.93,46.6,80.8,8.1,348,306,60,143,51,0.265,0.334,0.467,0.348,1.23,0.57,0.203,0.07,0.288,3.7,7.5,94.9,0.8,19.9,19,-0.1,0.318,2.53,0.57,0,1,3.8,10000
손시헌,2016,NC,SS,3.75,45.2,84.4,9,403,341,36,144,39,0.305,0.394,0.422,0.371,2.73,1.81,0.117,0.089,0.343,2.5,1.67,110.3,16.1,23,44,1.9,0.311,2.82,1.81,0,0,5.56,40000
모창민,2016,NC,3B,3.59,52,78.1,9.8,147,133,16,67,20,0.331,0.37,0.504,0.384,1,0.46,0.173,0.039,0.365,1.9,3.75,118.4,5.8,8.4,13.6,0.5,0.29,-2.09,0.46,0,0,3.23,11700
이호준,2016,NC,DH,4.15,39.9,78.8,6.5,472,399,46,202,87,0.298,0.396,0.506,0.396,1.71,3.17,0.208,0.097,0.322,1.9,5.25,125.7,12.5,26.9,24,-0.3,0.342,29.77,3.17,0,0,0,75000
박민우,2016,NC,2B,4.08,40.1,86.8,8.2,515,435,84,186,55,0.343,0.42,0.428,0.387,4.09,2.5,0.085,0.077,0.396,6.7,5.22,122.1,19.7,29.4,50.6,1.9,0.434,31.73,2.5,0,3,0.79,25000
조영훈,2016,NC,1B,3.83,49.4,70.9,10.4,207,179,29,89,35,0.335,0.408,0.497,0.404,1.18,0.5,0.162,0.073,0.41,3.4,3.75,131.7,9.1,11.8,17.2,0.5,0.339,13.91,0.5,0,0,0,15000
나성범,2016,NC,RF,3.8,51.9,75.8,13,653,572,116,284,113,0.309,0.388,0.497,0.395,4.42,1.93,0.187,0.079,0.371,4.9,10.62,125.9,31.7,37.3,61.5,2.1,0.32,37.97,1.93,1,0,2.82,35000
김선민,2016,kt,2B,4.6,36.2,81,6.9,63,50,7,11,2,0.22,0.361,0.22,0.296,-0.04,-0.21,0,0.141,0.306,2.9,0,57.1,-4.1,3.6,-0.5,-0.4,0.25,-4.9,-0.21,0,0,0,3000
박경수,2016,kt,2B,4.25,41.5,77.4,10.9,476,402,64,210,80,0.313,0.412,0.522,0.415,4.04,2.22,0.209,0.098,0.346,3.1,5.22,135,27.3,27.2,55.2,2.5,0.325,30.72,2.22,1,2,0,23000
박용근,2016,kt,3B,4.07,40.9,77.6,6,86,74,5,26,6,0.23,0.326,0.351,0.316,-0.02,-0.1,0.122,0.096,0.267,4.1,0,71,-8.2,4.9,-2.9,-0.7,0.15,-1.64,-0.1,0,0,0,3800
김사연,2016,kt,RF,3.92,50.2,77.4,12.9,63,56,6,15,4,0.25,0.333,0.268,0.298,-0.15,-0.28,0.018,0.083,0.304,2,0,58.8,-3.7,3.6,-0.7,-0.4,0.308,-4.16,-0.28,0,0,0,4000
유한준,2016,kt,RF,3.91,41.6,90,7.1,460,408,70,201,64,0.336,0.404,0.493,0.405,3.29,3.42,0.157,0.069,0.345,3.3,6.22,128.6,23.5,26.2,43.6,1.5,0.319,28.24,3.42,0,0,2.68,60000
윤요섭,2016,kt,C,3.73,42.3,77.9,5.4,149,126,14,54,16,0.238,0.356,0.429,0.355,0.46,0.17,0.191,0.118,0.25,1.1,1.71,96,-4.5,8.5,4.4,-0.4,0.205,-1.19,0.17,0,0,0,5600
유민상,2016,kt,1B,4.18,42.8,81.9,8.7,254,213,30,86,37,0.282,0.375,0.404,0.357,0.55,0.44,0.122,0.093,0.322,2.7,1.6,97.6,-4.2,14.5,5.2,-0.8,0.312,4.66,0.44,0,0,6.35,4500
전민수,2016,kt,RF,3.91,44.8,81,10,240,213,31,90,29,0.305,0.373,0.423,0.361,0.7,0.8,0.117,0.068,0.378,4.5,3.75,100.2,3.2,13.7,13.9,0,0.362,12.96,0.8,2,0,3.45,5000
오정복,2016,kt,LF,3.88,43.5,87.6,7.5,344,306,45,123,36,0.304,0.358,0.402,0.343,0.67,0.23,0.098,0.054,0.322,4.1,1.67,88.3,-10.1,19.6,5.8,-1.2,0.313,-2.71,0.23,0,0,8.89,7000
이대형,2016,kt,CF,3.69,54,85.1,10,654,600,89,215,42,0.32,0.368,0.358,0.341,1.75,0.25,0.038,0.048,0.375,5.9,1.95,86.9,-23.6,37.3,13.5,-2.1,0.315,-7.55,0.25,0,0,1.16,30000
